              s_cell [m];   flux_inc_ion [m-2.s-1];   flux_imp_ion [m-2.s-1];           E_imp_ion [eV];        alpha_V_ion [deg];  flux_inc_atom [m-2.s-1];  flux_imp_atom [m-2.s-1];          E_imp_atom [eV];       alpha_V_atom [deg];  net_energy_flux [W.m-2]
   5.722639767595434e-01;    0.000000000000000e+00;    0.000000000000000e+00;    0.000000000000000e+00;    0.000000000000000e+00;    4.142995384430121e+20;    3.275818182325043e+16;    1.975975214348670e+02;    4.341076844030611e+01;    2.446835766389768e+03
   5.744146521586622e-01;    0.000000000000000e+00;    0.000000000000000e+00;    0.000000000000000e+00;    0.000000000000000e+00;    3.377842062217111e+20;    6.963807907842061e+19;    1.446533943065945e+02;    4.281000419001787e+01;    3.522821845747865e+03
   5.784873374468358e-01;    0.000000000000000e+00;    0.000000000000000e+00;    0.000000000000000e+00;    0.000000000000000e+00;    4.046675237857747e+20;    6.083347176459993e+19;    1.620090588280025e+02;    3.861599815740621e+01;    3.999865907162449e+03
   5.823723405496724e-01;    0.000000000000000e+00;    0.000000000000000e+00;    0.000000000000000e+00;    0.000000000000000e+00;    2.477383244038819e+20;    1.043042595019221e+20;    1.283131898522597e+02;    4.062437134109106e+01;    3.109028537761940e+03
   5.844069540392138e-01;    0.000000000000000e+00;    0.000000000000000e+00;    0.000000000000000e+00;    0.000000000000000e+00;    2.199651166660995e+20;    8.331280757617322e+19;    8.775726628841336e+01;    5.160789385651753e+01;    1.277912343008492e+03
   5.870364387664093e-01;    0.000000000000000e+00;    0.000000000000000e+00;    0.000000000000000e+00;    0.000000000000000e+00;    4.148281241953936e+20;    9.041091190992673e+19;    1.529625804421763e+02;    4.103148160963409e+01;    4.040852731508588e+03
   5.918055752515802e-01;    1.154570214286152e+19;    0.000000000000000e+00;    3.596258797771030e+01;    2.807690909819240e+01;    3.863029817119522e+20;    8.121510822860856e+19;    1.503471499060630e+02;    4.105105606943368e+01;    3.618194925886660e+03
   5.948232584294588e-01;    0.000000000000000e+00;    0.000000000000000e+00;    0.000000000000000e+00;    0.000000000000000e+00;    4.411139798376684e+20;    7.211508248235088e+19;    1.398254756845220e+02;    4.205171557360813e+01;    3.229443488308838e+03
   5.974426318333550e-01;    0.000000000000000e+00;    0.000000000000000e+00;    0.000000000000000e+00;    0.000000000000000e+00;    3.336013345182242e+20;    6.043311275924465e+19;    9.988130229259552e+01;    3.932175301565866e+01;    2.077792663539540e+03
   6.021170396033002e-01;    3.052335690981583e+18;    0.000000000000000e+00;    5.244323185270253e+00;    2.577243319897914e+01;    4.142438333648198e+20;    8.001966842164176e+19;    1.349071651156441e+02;    3.995826922622432e+01;    3.821079762680698e+03
   6.056290235814906e-01;    0.000000000000000e+00;    0.000000000000000e+00;    0.000000000000000e+00;    0.000000000000000e+00;    4.200015160008792e+20;    6.474240420982528e+19;    1.278617661269399e+02;    3.979378647718419e+01;    4.982132644231349e+03
   6.084254625248736e-01;    2.415820274650749e+19;    9.350127307779869e+18;    5.031190473295064e+01;    4.609399541645944e+01;    4.850247023930286e+20;    1.084258483601264e+20;    1.541695451777518e+02;    4.070497453150738e+01;    6.629227114715983e+03
   6.132355214801503e-01;    0.000000000000000e+00;    0.000000000000000e+00;    0.000000000000000e+00;    0.000000000000000e+00;    4.443025247759941e+20;    9.830575093944838e+19;    1.552955575401064e+02;    4.051171496067854e+01;    5.659276071537360e+03
   6.164821861171261e-01;    2.248692766574011e+19;    0.000000000000000e+00;    8.128562286989752e+00;    3.651274456681835e+01;    3.061858729059157e+20;    1.283314386781625e+20;    1.009396433922948e+02;    4.218883292927908e+01;    3.219589767485495e+03
   6.193335790557776e-01;    0.000000000000000e+00;    0.000000000000000e+00;    0.000000000000000e+00;    0.000000000000000e+00;    3.546106306918358e+20;    6.408488081898032e+19;    1.073562093886995e+02;    4.101829099226297e+01;    3.243405656665366e+03
   6.243155235241757e-01;    3.597481333622764e+18;    0.000000000000000e+00;    3.379979611562028e+01;    1.458655835900107e+01;    4.516753925968649e+20;    8.873699338054153e+19;    1.430052677539443e+02;    4.111909365719159e+01;    4.314363818386991e+03
   6.272052266716661e-01;    0.000000000000000e+00;    0.000000000000000e+00;    0.000000000000000e+00;    0.000000000000000e+00;    5.344412046458061e+20;    9.880596682278876e+19;    1.373241176965697e+02;    3.802026188183299e+01;    7.490760427529960e+03
   6.304505444609374e-01;    1.213260959179145e+19;    0.000000000000000e+00;    3.399659366529637e+01;    6.798486608211439e+01;    5.085070056358726e+20;    1.112011598227402e+20;    1.229573415553538e+02;    3.874248395640144e+01;    4.527815771407571e+03
   6.350045776586959e-01;    8.917668318379185e+18;    8.917668318379185e+18;    2.751796995051444e+01;    4.215103801275611e+01;    4.600420487115368e+20;    1.011477216075329e+20;    1.398560352897159e+02;    3.941734734605141e+01;    4.739557721098516e+03
   6.379195807837732e-01;    3.400982369844551e+19;    2.513779834269243e+19;    2.222901457307601e+01;    6.502626355502069e+01;    5.080809684249440e+20;    1.017853200861982e+20;    1.251885781611363e+02;    4.334919475165917e+01;    4.501587701744306e+03
   6.421691170025567e-01;    4.465809532659537e+19;    2.490622316594924e+19;    6.037127433849607e+01;    6.107346971877644e+01;    4.221957353258992e+20;    9.651856571936440e+19;    1.403978804411465e+02;    4.027318577445767e+01;    4.795417027926017e+03
   6.455896063168002e-01;    7.337177065813608e+19;    7.337177065813608e+19;    3.970693001738228e+01;    5.103846049575120e+01;    4.065969669934342e+20;    6.119379189169173e+19;    1.520521383198364e+02;    4.875797846793825e+01;    3.814346989243028e+03
   6.486484553042386e-01;    5.400952912829236e+19;    9.152557098422673e+18;    3.750197823842301e+01;    4.061237081503489e+01;    4.406079457136850e+20;    9.586736583132060e+19;    1.372344832454584e+02;    4.116167401953810e+01;    4.714020505116192e+03
   6.531249512299802e-01;    3.186413884592628e+19;    9.403031166039904e+18;    4.533386352373213e+01;    6.942653803715451e+01;    4.153541066260882e+20;    8.543481293363898e+19;    1.328136620665130e+02;    3.943210125522742e+01;    4.156409871029925e+03
   6.562903767928572e-01;    6.068858598073439e+19;    3.970499127236764e+19;    6.591290199962252e+01;    4.076027615533120e+01;    5.107713558676851e+20;    1.482863134785807e+20;    1.297000587107838e+02;    3.659316693831519e+01;    6.025580614096594e+03
   6.606155544383179e-01;    2.472711376493800e+19;    1.321284301843152e+19;    4.928954640876626e+01;    4.739782632155298e+01;    4.138830621726392e+20;    9.664028625590806e+19;    1.450238993398947e+02;    3.848768542196937e+01;    5.038379657906702e+03
   6.638592248258868e-01;    7.392436237325949e+19;    0.000000000000000e+00;    4.396621071852604e+01;    4.019353894457737e+01;    4.074666035010395e+20;    7.286842460088205e+19;    1.091794857446531e+02;    3.237941197617170e+01;    5.094633073437359e+03
   6.673842209802925e-01;    1.142835854386552e+20;    4.367845873282839e+19;    6.998877032776296e+01;    5.644305895943035e+01;    4.851533243628020e+20;    1.274309337186146e+20;    1.290079780068238e+02;    4.026362317137745e+01;    6.493270912317566e+03
   6.713328795873350e-01;    2.440122023085895e+19;    0.000000000000000e+00;    1.231596509914831e+01;    2.548570360090408e+01;    5.673819959524223e+20;    2.007858308087645e+20;    9.340071957581425e+01;    3.902236299348433e+01;    4.956790822045326e+03
   6.746450723005577e-01;    1.882072219784995e+20;    4.367186794835640e+19;    7.700617628426973e+01;    5.694268276021678e+01;    5.390141342987863e+20;    6.193007795070370e+19;    1.125165572414759e+02;    4.020186539075510e+01;    3.868038154981740e+03
   6.785845916964909e-01;    1.534288866822579e+20;    3.820954947452423e+19;    6.118420061210339e+01;    4.787085331581877e+01;    4.893914193168313e+20;    1.377745230353981e+20;    1.252514331574006e+02;    3.962863566435614e+01;    7.250169400223313e+03
   6.819262798482154e-01;    2.262260303444561e+20;    7.196747987156055e+19;    6.054080757010721e+01;    5.298607378023944e+01;    4.381478349945415e+20;    1.257212163229845e+20;    1.170331774018431e+02;    4.036605548251371e+01;    7.186131520354212e+03
   6.856552532070777e-01;    2.732769946489207e+20;    5.488435367727016e+19;    6.922295121237055e+01;    5.480656801658556e+01;    4.807891150583493e+20;    1.252242507056601e+20;    9.531421494881783e+01;    4.140998312585117e+01;    5.459378213161096e+03
   6.892386738336902e-01;    3.390464864955225e+20;    1.155130011997857e+20;    8.473103159251971e+01;    5.074786841405503e+01;    5.717567851415639e+20;    7.807591786476333e+19;    9.631865022011051e+01;    3.991356626860134e+01;    6.268905312360903e+03
   6.929514040318500e-01;    3.111621224789071e+20;    1.200430636363789e+20;    7.002240544988807e+01;    5.466776224607139e+01;    6.625995898867127e+20;    1.853946109114198e+20;    1.188340498648633e+02;    4.069222580426067e+01;    1.008530854654523e+04
   6.971187391905718e-01;    5.360860053590195e+20;    8.962465884147954e+19;    8.244418505471116e+01;    5.169552296618519e+01;    5.202808353668610e+20;    1.379665311291075e+20;    1.236715233218724e+02;    4.228899914957640e+01;    8.996067956765690e+03
   7.007169395495757e-01;    4.510419239201075e+20;    1.326536122882066e+20;    7.854653770000951e+01;    5.216900341764880e+01;    7.672988327556215e+20;    1.322361147906590e+20;    1.130477173659914e+02;    4.006887434770893e+01;    1.027662940113778e+04
   7.053407111725991e-01;    6.573843977638467e+20;    2.093748565393392e+20;    8.863164066587996e+01;    5.272054918914342e+01;    6.104966474628005e+20;    1.394254434814871e+20;    1.153060291513303e+02;    4.152029232948566e+01;    1.359086003030317e+04
   7.120840201283700e-01;    1.000964452921895e+21;    3.055259957813766e+20;    9.592440974011762e+01;    5.353334977650355e+01;    6.545152430334968e+20;    1.182021037250085e+20;    1.250144542497368e+02;    3.856077095728119e+01;    1.701588259434335e+04
   7.187257515232087e-01;    1.327114937488369e+21;    4.308662770631052e+20;    1.098205173127881e+02;    5.420111144279551e+01;    6.722274987641938e+20;    1.699936100416006e+20;    1.148309781651839e+02;    3.764010435770118e+01;    2.251571572771348e+04
   7.252250129274396e-01;    1.679104033823852e+21;    5.243706699788755e+20;    1.107777479273112e+02;    5.566110385426074e+01;    6.858872906890921e+20;    1.140934173436721e+20;    1.122465741297079e+02;    3.782845242095908e+01;    2.905926191145808e+04
   7.313317590306527e-01;    2.360207994898807e+21;    7.959059497572439e+20;    1.229396787864930e+02;    5.598799029574405e+01;    8.549210359973716e+20;    1.792241557177695e+20;    1.197080318280127e+02;    3.972648704902286e+01;    4.072714124633100e+04
   7.370852022484521e-01;    3.159831201416060e+21;    1.030018644549849e+21;    1.296848538811811e+02;    5.682937918975181e+01;    8.148576914781708e+20;    1.627668768637422e+20;    1.117430534223484e+02;    4.086666919396143e+01;    4.978662167838313e+04
   7.425741048114238e-01;    3.501182577418913e+21;    1.143993055438163e+21;    1.397500527971543e+02;    5.538486339942504e+01;    9.263579368402113e+20;    1.831575523260934e+20;    1.060720027173163e+02;    3.619700870664526e+01;    6.956611097159568e+04
   7.479368639686643e-01;    4.421649532477469e+21;    1.323146231356876e+21;    1.466731245338824e+02;    5.736385822816252e+01;    1.166096010214338e+21;    2.704197946467592e+20;    9.371026332525071e+01;    3.898408375487828e+01;    8.340114004637036e+04
   7.531555512456699e-01;    5.259300761449450e+21;    1.742289024899705e+21;    1.509166560181458e+02;    5.745000463970147e+01;    1.211710165013468e+21;    2.242610891127576e+20;    8.374226653124988e+01;    3.966048071700224e+01;    1.064696131820610e+05
   7.579578324614116e-01;    6.270885822193738e+21;    2.126592950650629e+21;    1.624602734760875e+02;    5.684358989046459e+01;    1.543083099049152e+21;    3.035161350191653e+20;    8.978364734455886e+01;    4.152490929213040e+01;    1.413011651247067e+05
   7.625938531415007e-01;    7.012175628193520e+21;    2.265891777844097e+21;    1.614110273585550e+02;    5.885452167968040e+01;    1.460696254526710e+21;    3.258928314626298e+20;    8.918198843107591e+01;    3.949738951411022e+01;    1.686805517914481e+05
   7.673986352854509e-01;    8.056051867875553e+21;    2.753273124682494e+21;    1.738927555375605e+02;    5.948355112807953e+01;    1.645782692988037e+21;    2.975235221913736e+20;    8.090966984173181e+01;    4.079775946333111e+01;    1.957809126399823e+05
   7.724312947688311e-01;    9.036406569351409e+21;    3.047662966993101e+21;    1.822317115395548e+02;    5.950450428898596e+01;    1.940777930456592e+21;    4.171839611381796e+20;    7.969777126944142e+01;    3.998326659226335e+01;    2.194906053374182e+05
   7.776035272072233e-01;    9.767808538872868e+21;    3.322718951224802e+21;    1.955889981793084e+02;    6.003148594544299e+01;    2.067956420965300e+21;    3.544699538933673e+20;    7.826792650056453e+01;    3.885701238313168e+01;    2.490452798546102e+05
   7.826718583490817e-01;    1.141292208608886e+22;    4.192220351566327e+21;    2.005722554507484e+02;    6.104226659213344e+01;    2.177312416887771e+21;    3.863392984274824e+20;    6.646132927427448e+01;    3.917163518727683e+01;    3.086356423618261e+05
   7.877193691632469e-01;    1.194083856404873e+22;    4.289668362587828e+21;    2.106957220037239e+02;    6.128559747140613e+01;    2.418090101138437e+21;    3.697707444597796e+20;    6.434757403194820e+01;    3.949599002659728e+01;    3.412636013557736e+05
   7.930030511929754e-01;    1.237773158360558e+22;    4.437148595496335e+21;    2.191928300526772e+02;    6.202336040032628e+01;    2.393095634066918e+21;    3.817101235290374e+20;    7.313627775462339e+01;    3.759674307155576e+01;    3.748651126755229e+05
   7.984353834863507e-01;    1.355964961019674e+22;    4.885301790673476e+21;    2.304877913423689e+02;    6.208350696993289e+01;    2.855656363973841e+21;    4.137193183971398e+20;    7.013291424979256e+01;    3.807732259493530e+01;    4.252592572014331e+05
   8.037624995832147e-01;    1.447068238685772e+22;    5.619700757793369e+21;    2.417016819666314e+02;    6.274545198068068e+01;    3.104519828361220e+21;    5.644772454307327e+20;    6.942160036806381e+01;    3.940674412902083e+01;    4.929164983641277e+05
   8.089452553421830e-01;    1.549349438516964e+22;    5.849376163430398e+21;    2.568970669764744e+02;    6.356609979334824e+01;    3.274372248436432e+21;    6.823423850083228e+20;    6.895074304375737e+01;    3.861211983991821e+01;    5.691198176947671e+05
   8.143506786850073e-01;    1.470370181625334e+22;    5.431771042004849e+21;    2.727933948450178e+02;    6.455188510834708e+01;    2.931207898918040e+21;    5.429157523395665e+20;    7.346564466320743e+01;    3.762593236763400e+01;    5.722527132684871e+05
   8.200549716728590e-01;    1.429274957230325e+22;    5.530491785031113e+21;    2.887362848645424e+02;    6.525665638114361e+01;    2.779226678171622e+21;    4.934678393377333e+20;    7.256412471324094e+01;    3.847912020016329e+01;    6.156233936088813e+05
   8.264380032689389e-01;    1.220603103365133e+22;    4.906655634294720e+21;    3.069642602666138e+02;    6.545027389258554e+01;    2.561692712229253e+21;    5.208650468672274e+20;    8.297371884584278e+01;    3.788359142935612e+01;    5.628587103873482e+05
   8.326292556076262e-01;    8.876625108648202e+21;    3.613956079220843e+21;    3.084510734419588e+02;    6.580214542966972e+01;    2.237561271702300e+21;    4.898557502364194e+20;    9.318917502855103e+01;    3.772832198779248e+01;    4.100924867283561e+05
   8.363037985925090e-01;    6.978648657555340e+21;    2.733372598659290e+21;    2.638058518684950e+02;    6.398883073469484e+01;    2.075190387920487e+21;    4.117866522117960e+20;    1.044578335506809e+02;    3.973186435979374e+01;    3.160144135905417e+05
   8.386919830189077e-01;    5.459083262687482e+21;    2.179802543663361e+21;    2.258389922288515e+02;    6.330781596296644e+01;    1.586387381293045e+21;    3.209232984689261e+20;    9.458229148296986e+01;    3.899251225768825e+01;    1.828823334747732e+05
   8.415669949191238e-01;    3.456959757273143e+21;    1.232791578831714e+21;    1.865382455298176e+02;    6.089908398529417e+01;    1.502555886596725e+21;    3.128774038087428e+20;    9.348467060829809e+01;    3.662789537047279e+01;    1.022574185336454e+05
   8.446114964905557e-01;    2.537426863246975e+21;    8.762516437901490e+20;    1.521879317660806e+02;    6.141810818662840e+01;    1.185636991511995e+21;    2.449010811807762e+20;    1.002572854316892e+02;    3.859493107281316e+01;    5.715294974114183e+04
   8.477545904005697e-01;    1.577020684638895e+21;    5.008512879967357e+20;    1.400358242545900e+02;    6.004853204561826e+01;    1.207219188448994e+21;    2.300631155076069e+20;    1.461481386770108e+02;    3.889658353538069e+01;    3.906037068909265e+04
   8.509280083433651e-01;    1.124873505256348e+21;    3.983546334107196e+20;    1.155400596549133e+02;    5.929219454375676e+01;    1.327740649426338e+21;    2.635370379419172e+20;    1.285055103883713e+02;    3.882534478205966e+01;    2.798511189308950e+04
   8.527385038507946e-01;    0.000000000000000e+00;    0.000000000000000e+00;    0.000000000000000e+00;    0.000000000000000e+00;    9.070535025948941e+20;    2.618376043515513e+20;    1.331804927483286e+02;    4.130100509432685e+01;    1.041915265556503e+04
   8.532094365673416e-01;    5.068912432207560e+20;    1.949671213718712e+20;    8.949602981120273e+01;    5.623052353416123e+01;    1.384346426292436e+21;    3.743399944402947e+20;    1.243456578316093e+02;    4.115194289906874e+01;    2.665607931787600e+04
   8.537327185294666e-01;    7.380674641054737e+20;    2.245799424984165e+20;    8.911228125683328e+01;    6.441481071775220e+01;    1.124677705203917e+21;    4.888950951723834e+20;    1.641731542751721e+02;    3.828290714881400e+01;    2.544133770622659e+04
   8.542879274099042e-01;    9.097816286524480e+20;    3.566155384614114e+20;    1.006808054306674e+02;    6.066032057016586e+01;    1.045517635437813e+21;    2.254437399445272e+20;    1.446428316318442e+02;    4.287396814134609e+01;    2.316047850173025e+04
   8.548745196935719e-01;    7.862987378534060e+20;    3.524996769998585e+20;    9.335972021654489e+01;    6.165133097885683e+01;    9.722978916854880e+20;    2.345169363245952e+20;    7.211555594997191e+01;    3.502918445896768e+01;    1.195637840783479e+04
   8.554924284107888e-01;    7.390927196840008e+20;    8.170005006959562e+19;    1.040101791490107e+02;    6.158160086825140e+01;    1.036511666247679e+21;    2.992820512100500e+20;    1.370788985419545e+02;    3.829449893397492e+01;    1.457393611119568e+04
   8.561418952243980e-01;    1.005971577675600e+21;    2.802203196656353e+20;    1.185908108272135e+02;    5.896942975941342e+01;    1.082154062054325e+21;    2.178027964636365e+20;    1.514818488853454e+02;    4.076026149562121e+01;    1.577627779923445e+04
   8.565847627586591e-01;    1.194635921645005e+21;    4.257533934605747e+20;    1.149583424107458e+02;    5.610295830027777e+01;    5.181409614840587e+20;    1.593969214483864e+20;    2.315499009459223e+02;    3.138850922252675e+01;    1.221955734401095e+04
   8.569363751280912e-01;    4.544570088276085e+20;    6.792159776532038e+19;    1.065327942558265e+02;    6.903501681934011e+01;    8.643404438516879e+20;    4.054875710566641e+20;    1.328894733496699e+02;    4.453796951928469e+01;    1.689809206285624e+04
   8.575474089698227e-01;    3.345058917800782e+20;    8.530834191113824e+19;    8.202222515011813e+01;    6.256562521557060e+01;    1.040210198828926e+21;    2.233807073377012e+20;    1.694518137307228e+02;    4.359596473305244e+01;    1.760421113189140e+04
   8.583035114362840e-01;    2.190833197691604e+20;    3.211914350086078e+19;    1.167648721449197e+02;    5.817956655488980e+01;    9.307536245774608e+20;    2.493404896131133e+20;    1.163050758793844e+02;    3.749516383063418e+01;    1.068443958032432e+04
   8.590934121223858e-01;    2.157998664491381e+20;    4.325585634031020e+19;    9.705671064062575e+01;    5.677661253413950e+01;    9.823202462810313e+20;    2.575825642500342e+20;    1.522648613830954e+02;    4.033100662232685e+01;    1.820492499150149e+04
   8.599160026634618e-01;    3.617077972457087e+20;    6.767731555522665e+19;    7.858525275663806e+01;    5.966398271210249e+01;    1.203976165164319e+21;    3.664464428979910e+20;    1.495804099553512e+02;    4.226161559009278e+01;    1.574208518231162e+04
   8.607677903032095e-01;    3.254746837492981e+20;    1.133254661687057e+20;    8.631724716762412e+01;    6.333964313769106e+01;    9.813671562352569e+20;    1.795615558340489e+20;    1.500144042582063e+02;    3.879678464275864e+01;    1.381105312684130e+04
   8.613631089486017e-01;    4.399672106063793e+20;    1.844064258593220e+20;    7.371956624721761e+01;    6.380652368680444e+01;    8.159076509920107e+20;    5.341566453720849e+19;    2.084326529367688e+02;    4.056273487592046e+01;    1.361219775942128e+04
   8.618018834540135e-01;    1.225690769619889e+20;    0.000000000000000e+00;    1.158161317516543e+02;    5.263015810933434e+01;    1.062400786595848e+21;    2.350969332170153e+20;    1.602633313111794e+02;    3.651462150777682e+01;    1.903054543287328e+04
   8.625229852946409e-01;    1.422551686920228e+20;    0.000000000000000e+00;    4.568861108073472e+01;    5.509281844911737e+01;    1.177402577581628e+21;    1.891196357685092e+20;    1.354851260937874e+02;    3.997465614068825e+01;    1.253080055088998e+04
   8.634312124454314e-01;    2.030337598028861e+20;    3.158789695472134e+19;    5.450447166643566e+01;    5.227639049945543e+01;    7.071455333973237e+20;    1.085721659153640e+20;    1.728821028039373e+02;    4.279085511262355e+01;    1.068329477842916e+04
   8.643760248460526e-01;    4.183071742075063e+20;    3.526706921259401e+19;    9.942629391601595e+01;    6.156118255955204e+01;    1.137987110792602e+21;    2.255735097709600e+20;    1.473468820010100e+02;    3.902559576425848e+01;    1.199420363537668e+04
   8.651324169170074e-01;    1.127329386349753e+20;    6.383807875964946e+19;    7.227187176929452e+01;    5.905837346821502e+01;    1.039219459679683e+21;    1.711849491975524e+20;    1.365673621069097e+02;    4.111345340695597e+01;    9.861495550090389e+03
   8.656325242000571e-01;    2.548172382970507e+20;    7.764106465469809e+19;    6.766049964753034e+01;    5.446689681681434e+01;    8.252391447372368e+20;    2.296806368214109e+20;    1.558430891366726e+02;    4.043210519748916e+01;    1.319195417996448e+04
   8.663752000235425e-01;    1.612548034172789e+20;    9.782387850274865e+19;    5.036384194996150e+01;    5.702373585464088e+01;    9.135357966565967e+20;    2.472430599335610e+20;    1.672267722898710e+02;    4.091871385487511e+01;    1.401542471707745e+04
   8.674265775136815e-01;    7.813380400892618e+19;    0.000000000000000e+00;    7.387633198582685e+01;    5.106814882803396e+01;    8.133577460794495e+20;    2.026410893927627e+20;    1.293345745467076e+02;    3.884099118303962e+01;    8.701616673349507e+03
   8.685098195389525e-01;    9.406720052506734e+19;    3.677852690810316e+19;    4.131276177788154e+01;    4.129239130049442e+01;    8.336115041665733e+20;    1.544449293182950e+20;    1.408785542848171e+02;    3.754712617988842e+01;    1.181387853506655e+04
   8.694226984497737e-01;    2.457258939278001e+20;    4.301520174551037e+19;    8.625711773452858e+01;    5.161957336386437e+01;    7.615442117506559e+20;    1.502736967586993e+20;    1.702186581264446e+02;    3.191784504658983e+01;    8.931709684299089e+03
   8.699878177421935e-01;    0.000000000000000e+00;    0.000000000000000e+00;    0.000000000000000e+00;    0.000000000000000e+00;    1.367435706011944e+21;    2.775762793718767e+20;    1.921308802284020e+02;    3.730490019252165e+01;    1.513225611118583e+04
   8.707719449375462e-01;    2.332975010205479e+19;    2.332975010205479e+19;    7.074361703260395e+01;    3.261403728910812e+01;    6.033724758502986e+20;    1.608754402993814e+20;    1.478889179180188e+02;    4.334052913142896e+01;    8.199007555013821e+03
   8.719694733490506e-01;    8.610079599632787e+19;    0.000000000000000e+00;    5.939629833249928e+01;    6.721481422916069e+01;    9.775315446788283e+20;    1.842503820154002e+20;    1.465641003466098e+02;    4.140120758830444e+01;    1.045098119515162e+04
   8.732251368559831e-01;    2.564610831430613e+19;    0.000000000000000e+00;    5.414865115217416e+01;    5.574067153785505e+01;    7.587208130754934e+20;    1.362771495527624e+20;    1.365338540482948e+02;    3.903204001463939e+01;    7.174362882281559e+03
   8.745222506607646e-01;    2.651332374551636e+19;    0.000000000000000e+00;    5.496476577719915e+01;    8.207876374774224e+01;    8.131939812146602e+20;    1.643355487740242e+20;    1.587005383099302e+02;    3.971499865871473e+01;    8.871760732285869e+03
   8.758504333996870e-01;    1.469138516040226e+20;    4.930907950560094e+19;    6.629602109928857e+01;    5.099612531017152e+01;    7.298804591278133e+20;    1.046820747652639e+20;    1.114318165407771e+02;    3.596494223044821e+01;    5.235465040695271e+03
   8.771968010637343e-01;    5.876097542938794e+19;    0.000000000000000e+00;    5.528023217286454e+01;    4.824302032836880e+01;    6.991018591185168e+20;    1.208369221662614e+20;    1.441890192206004e+02;    4.176267551494075e+01;    5.303179790270355e+03
   8.785721648600908e-01;    8.763703130723051e+19;    1.876242102152425e+19;    8.744950046948841e+01;    5.497873264964861e+01;    8.921536186739292e+20;    1.045985113255405e+20;    1.773664380679802e+02;    3.879770601703596e+01;    8.978593260966956e+03
   8.795184258206146e-01;    0.000000000000000e+00;    0.000000000000000e+00;    0.000000000000000e+00;    0.000000000000000e+00;    9.828825321435261e+20;    1.729489357517361e+20;    1.072196048855805e+02;    3.924140044289701e+01;    8.078740895998551e+03
   8.802294072647980e-01;    0.000000000000000e+00;    0.000000000000000e+00;    0.000000000000000e+00;    0.000000000000000e+00;    9.859758954555998e+20;    1.730925113567074e+20;    1.632213850696188e+02;    3.348579660123993e+01;    7.709283632480244e+03
   8.814332559537018e-01;    0.000000000000000e+00;    0.000000000000000e+00;    0.000000000000000e+00;    0.000000000000000e+00;    9.391362463731432e+20;    1.861673801713714e+20;    1.760885422193799e+02;    4.055186063360791e+01;    1.275165060485632e+04
   8.829269041317802e-01;    0.000000000000000e+00;    0.000000000000000e+00;    0.000000000000000e+00;    0.000000000000000e+00;    8.418755436666813e+20;    1.232335322958694e+20;    1.574391393288947e+02;    3.704078070881209e+01;    9.058557808257165e+03
   8.844577201344603e-01;    0.000000000000000e+00;    0.000000000000000e+00;    0.000000000000000e+00;    0.000000000000000e+00;    9.163945443184407e+20;    1.527604447071903e+20;    1.586609529477714e+02;    3.886213584538130e+01;    1.095651646770210e+04
   8.860251673221309e-01;    0.000000000000000e+00;    0.000000000000000e+00;    0.000000000000000e+00;    0.000000000000000e+00;    8.078699894842112e+20;    1.969110181380479e+20;    2.217773389390273e+02;    3.627095770044674e+01;    1.605687561135576e+04
   8.876223697627555e-01;    0.000000000000000e+00;    0.000000000000000e+00;    0.000000000000000e+00;    0.000000000000000e+00;    8.816365446300710e+20;    1.411449881859886e+20;    1.574366169791112e+02;    4.038474275013431e+01;    1.031768689964604e+04
   8.892431387431678e-01;    0.000000000000000e+00;    0.000000000000000e+00;    0.000000000000000e+00;    0.000000000000000e+00;    8.496982221497338e+20;    2.111456081181976e+20;    1.512761753938422e+02;    3.877657828093185e+01;    1.110052473247860e+04
   8.908862434847833e-01;    0.000000000000000e+00;    0.000000000000000e+00;    0.000000000000000e+00;    0.000000000000000e+00;    8.049658107544466e+20;    2.288769193465609e+20;    1.274363502011481e+02;    3.901950431150954e+01;    8.367804069886581e+03
   8.925403982364202e-01;    0.000000000000000e+00;    0.000000000000000e+00;    0.000000000000000e+00;    0.000000000000000e+00;    1.038111360428200e+21;    1.735385584437544e+20;    1.540419802237476e+02;    3.490047386619298e+01;    1.121554734889606e+04
   8.942290658517831e-01;    0.000000000000000e+00;    0.000000000000000e+00;    0.000000000000000e+00;    0.000000000000000e+00;    8.818477544019105e+20;    2.435585541457691e+20;    1.279496604885169e+02;    3.838049839562864e+01;    8.887216910132562e+03
   8.957867214536344e-01;    0.000000000000000e+00;    0.000000000000000e+00;    0.000000000000000e+00;    0.000000000000000e+00;    8.011228848612023e+20;    1.439689950539261e+20;    1.442737726369985e+02;    4.137260323453689e+01;    6.058848778572262e+03
   8.971494642611983e-01;    0.000000000000000e+00;    0.000000000000000e+00;    0.000000000000000e+00;    0.000000000000000e+00;    6.832452543781293e+20;    1.638098121743531e+20;    1.277680927422764e+02;    3.801279152571101e+01;    5.927025666655557e+03
   8.984464074013405e-01;    0.000000000000000e+00;    0.000000000000000e+00;    0.000000000000000e+00;    0.000000000000000e+00;    9.439722590771140e+20;    1.579092911197097e+20;    1.613587375077282e+02;    3.422919220714833e+01;    9.873048576284929e+03
   8.997044506505694e-01;    0.000000000000000e+00;    0.000000000000000e+00;    0.000000000000000e+00;    0.000000000000000e+00;    1.071647341454572e+21;    2.169899204476676e+20;    1.661031828183298e+02;    3.653344744817505e+01;    1.268467803546424e+04
   9.009288261121329e-01;    0.000000000000000e+00;    0.000000000000000e+00;    0.000000000000000e+00;    0.000000000000000e+00;    9.985567739850183e+20;    1.347457904719706e+20;    1.492285353444507e+02;    3.833165712700227e+01;    9.693348073741978e+03
   9.017401668982516e-01;    0.000000000000000e+00;    0.000000000000000e+00;    0.000000000000000e+00;    0.000000000000000e+00;    3.984762025185041e+20;    1.060256212295262e+20;    6.412389751893554e+01;    3.685361883518202e+01;    2.405982503095472e+03
   9.023079418743578e-01;    3.374884979365420e+19;    3.374884979365420e+19;    3.308496325868110e+01;    4.299790600842218e+01;    7.266191293394956e+20;    2.737562400438421e+20;    1.225793464696046e+02;    3.800519165840862e+01;    1.060991392692609e+04
   9.032207239363970e-01;    1.607349917863279e+20;    5.477570804870131e+19;    5.638855819669202e+01;    6.287483660438655e+01;    8.251660176834145e+20;    1.512209883831115e+20;    1.612309284366453e+02;    3.647210531320179e+01;    8.046650499458852e+03
   9.043350458441406e-01;    1.447629503101144e+20;    5.118878869452792e+19;    4.031572601048526e+01;    5.221398968516844e+01;    1.019440903495059e+21;    1.806047941887849e+20;    1.218849277915598e+02;    3.951960651632979e+01;    7.738011867301383e+03
   9.054436199495733e-01;    6.975729245061114e+19;    2.477186770984301e+19;    3.624989368759515e+01;    4.864873286297210e+01;    8.302372447585044e+20;    9.866139188543750e+19;    1.767246965138799e+02;    4.131390962322946e+01;    9.899491890405965e+03
   9.065629926990979e-01;    9.426255587504862e+19;    0.000000000000000e+00;    5.258474418578626e+01;    5.874189259630921e+01;    7.797365880277086e+20;    2.459841475655634e+20;    1.791775694079761e+02;    3.804164808702910e+01;    1.421320513881727e+04
   9.076988718035411e-01;    2.897881571982149e+19;    0.000000000000000e+00;    1.148128847717066e+02;    5.597306005214623e+01;    8.508619540037203e+20;    2.066011720132226e+20;    1.516200191491662e+02;    3.991993625443310e+01;    1.070667778123019e+04
   9.085886021899598e-01;    0.000000000000000e+00;    0.000000000000000e+00;    0.000000000000000e+00;    0.000000000000000e+00;    9.778911819401647e+20;    2.763897138630892e+20;    1.662018123753186e+02;    4.374650435255882e+01;    1.279625915499653e+04
   9.091695548429828e-01;    0.000000000000000e+00;    0.000000000000000e+00;    0.000000000000000e+00;    0.000000000000000e+00;    9.650855848212837e+20;    2.492818398646715e+20;    1.346164929433026e+02;    4.002957713562531e+01;    1.174377538991516e+04
   9.100102521868524e-01;    1.546651672681585e+20;    4.774124998576200e+19;    8.120284045674354e+01;    6.520172832157824e+01;    1.026435368160669e+21;    2.359109144900650e+20;    1.344452469537153e+02;    3.295690709077326e+01;    1.094564533077703e+04
   9.111480888193024e-01;    1.137482757671324e+20;    3.023426543215256e+19;    8.905848006451181e+01;    5.016796939627238e+01;    9.887593904285372e+20;    2.709496064188870e+20;    1.558956812711253e+02;    3.830172235896108e+01;    1.310451352013017e+04
   9.122441437889107e-01;    1.463544393707109e+20;    6.270537269590945e+19;    7.386112327214019e+01;    5.881639341746020e+01;    9.428715471990653e+20;    2.804111257300756e+20;    1.861727147081408e+02;    3.869935679643368e+01;    1.768356541565989e+04
   9.132983421301686e-01;    1.081127844929174e+20;    5.976030950519648e+19;    7.200622957159622e+01;    4.641357050232920e+01;    7.938046121785173e+20;    3.022469788923042e+20;    1.767372223521174e+02;    4.300059360338213e+01;    1.498278284281411e+04
   9.141402310193423e-01;    2.244049769820898e+20;    1.728529115046359e+20;    7.845018513353487e+01;    6.114890105372957e+01;    1.032894826213909e+21;    2.833643106458817e+20;    1.747686959057840e+02;    4.140490331389228e+01;    1.598401534350767e+04
   9.146361902531510e-01;    7.170283913243351e+19;    0.000000000000000e+00;    2.488189285567786e+01;    7.529220759047462e+01;    4.808026348611020e+20;    9.645564841035189e+19;    1.653776227824050e+02;    3.798921891626971e+01;    4.127378224317436e+03
   9.152799958544376e-01;    1.006435581465240e+20;    0.000000000000000e+00;    5.396960332865166e+01;    4.232025640308318e+01;    1.083680115951816e+21;    2.488290064047604e+20;    1.141960393950046e+02;    3.675289931702879e+01;    1.129540145315660e+04
   9.162077902257806e-01;    1.567372792939105e+20;    2.893536083258166e+19;    6.900877563705373e+01;    5.993630498494151e+01;    1.026703239997474e+21;    2.127507238185560e+20;    1.186623955971011e+02;    4.122559398770489e+01;    1.137704708674592e+04
   9.171014172262728e-01;    3.246051700829563e+20;    7.206205102853381e+19;    1.003324370929817e+02;    4.985883288718136e+01;    1.268302098215539e+21;    4.599643779012550e+20;    1.973161057059466e+02;    4.040422215165665e+01;    2.292454511493596e+04
   9.179635702873166e-01;    1.690453054448748e+20;    1.483857406249343e+19;    9.630462517284737e+01;    6.577545207315875e+01;    9.564886121565490e+20;    1.885232478609396e+20;    7.136605508127528e+01;    3.921911100154315e+01;    6.208718425398012e+03
   9.187957968976166e-01;    9.413126093443719e+19;    5.211349979538715e+19;    7.040113282369272e+01;    4.898677880056132e+01;    1.094590735378330e+21;    4.264068335071198e+20;    1.323107587586439e+02;    3.866912750396059e+01;    1.463466238952796e+04
   9.192429178344048e-01;    0.000000000000000e+00;    0.000000000000000e+00;    0.000000000000000e+00;    0.000000000000000e+00;    9.584391326254676e+20;    0.000000000000000e+00;    1.284219278940766e+02;    3.067960275820349e+01;    4.797796301899954e+03
   9.196357697352024e-01;    2.603408253343908e+20;    2.331941242750367e+19;    9.624262131551451e+01;    5.489158824486413e+01;    8.158875119308335e+20;    1.485005435174529e+20;    1.194243844651158e+02;    3.812594653110111e+01;    1.040464840759167e+04
   9.203613972157179e-01;    2.966361835968667e+20;    9.900500224023849e+19;    1.161580204098637e+02;    5.605582098826108e+01;    1.376508373037951e+21;    2.968154992714078e+20;    1.231492671649319e+02;    3.922088367401884e+01;    1.386623206178813e+04
   9.210790247203480e-01;    4.271451700007521e+20;    4.856594426353589e+19;    1.022838545715484e+02;    6.515337557604056e+01;    1.211153605421181e+21;    4.384562187786887e+20;    1.795068686393243e+02;    4.124105380329363e+01;    1.723868035366129e+04
   9.217504410034105e-01;    4.634374695902361e+20;    1.281727682564289e+20;    1.000608733010013e+02;    5.058629996474638e+01;    1.000517487272232e+21;    3.407361660689748e+20;    1.083769417805469e+02;    3.976866481917646e+01;    9.678065622943375e+03
   9.223903096192790e-01;    3.648087037815766e+20;    8.062823786609708e+19;    8.355362603689645e+01;    5.663794622050493e+01;    1.101706032667540e+21;    1.450410353566823e+20;    1.333580524748227e+02;    4.125394607964579e+01;    1.541305887521689e+04
   9.228045426529973e-01;    1.532137918237576e+20;    1.532137918237576e+20;    8.016865288291335e+01;    4.970146495899505e+01;    6.774337899386271e+20;    2.394508353834962e+20;    1.098449660842862e+02;    4.922409422061390e+01;    1.214119121935240e+04
   9.231026595640766e-01;    4.958152178551589e+20;    3.079049910346083e+20;    8.625440375598706e+01;    6.425235092538595e+01;    1.690861439608498e+21;    1.964359886917154e+20;    1.701939644167100e+02;    4.092318468905820e+01;    2.847992669930492e+04
   9.235848090687091e-01;    4.002858883934011e+20;    6.048575924165516e+19;    1.298501986350449e+02;    4.868485404960926e+01;    1.689962060179477e+21;    2.869951617421358e+20;    1.412803017496206e+02;    4.024962903819762e+01;    2.521046052319532e+04
   9.241393287589139e-01;    6.051012283104402e+20;    3.203111645933918e+20;    9.768046976140033e+01;    5.491643280032096e+01;    7.916437856173852e+20;    3.088250125576118e+20;    1.643581466065236e+02;    3.797170043977828e+01;    2.257354433139583e+04
   9.246663865533704e-01;    4.657887001853592e+20;    1.608874467799731e+20;    1.278780733812072e+02;    6.594028254183215e+01;    1.034069560848523e+21;    1.790195969246242e+20;    1.207256265154663e+02;    3.083320766566615e+01;    1.203269817123863e+04
   9.251652239443857e-01;    7.325688506301997e+20;    2.095732887354344e+20;    1.078455850627550e+02;    5.917723304747473e+01;    1.384220498727414e+21;    1.071708445552248e+20;    1.836694863582923e+02;    3.645472577336543e+01;    2.026934346039942e+04
   9.256364900953667e-01;    8.309594565610475e+20;    1.861451422088926e+20;    8.128927562386836e+01;    5.571013926586936e+01;    8.878571141815316e+20;    1.426362821196543e+20;    1.575465714139268e+02;    4.312332703760705e+01;    1.503026099202810e+04
   9.260709497353070e-01;    0.000000000000000e+00;    0.000000000000000e+00;    0.000000000000000e+00;    0.000000000000000e+00;    1.029762032046973e+21;    2.510711609903989e+20;    1.760470513318948e+02;    3.608668943581576e+01;    1.213445935414967e+04
   9.279207129254347e-01;    1.027499404832774e+21;    3.508921604995475e+20;    1.358529140654468e+02;    6.079042214456844e+01;    9.504312743321812e+20;    2.588351080273779e+20;    1.388180156684678e+02;    3.874743197013763e+01;    2.452376163744570e+04
   9.308427392799105e-01;    1.116845611990527e+21;    3.754686284964481e+20;    1.429502057577422e+02;    5.976514622838989e+01;    1.253097912045651e+21;    1.980371317599493e+20;    1.045368162078886e+02;    3.566105334697448e+01;    3.434844629546713e+04
   9.333846452857884e-01;    2.277296344486388e+21;    6.487854939821501e+20;    1.567716655537176e+02;    6.102656416460249e+01;    1.330189450281034e+21;    2.318334409761564e+20;    1.159631846963691e+02;    3.808300508888264e+01;    5.246375312659126e+04
   9.359472666292108e-01;    3.652253448724780e+21;    1.289474164170276e+21;    1.909136065891387e+02;    6.248460584813163e+01;    1.602552352721641e+21;    3.277412246437948e+20;    1.292611043919483e+02;    3.958109744480894e+01;    1.030212154105127e+05
   9.385313722789543e-01;    5.328615850757600e+21;    1.871300859611141e+21;    2.147852945297535e+02;    6.238967777319794e+01;    1.924365646925537e+21;    4.754508206450737e+20;    1.071938606836820e+02;    3.810891475939288e+01;    1.810192424769366e+05
   9.408393574821314e-01;    7.882153991381862e+21;    2.644785557236115e+21;    2.584186753175288e+02;    6.435889053505423e+01;    1.821485677456464e+21;    3.338348580494631e+20;    8.574307995690408e+01;    3.943272983854264e+01;    2.862210498971363e+05
   9.443020385455780e-01;    9.649424585218155e+21;    3.743504907102665e+21;    3.150315874775043e+02;    6.628228906951297e+01;    2.371225914301738e+21;    4.532899283169218e+20;    9.407096799368327e+01;    3.862550352339944e+01;    4.704470378566844e+05
   9.499606287321007e-01;    1.317225367664701e+22;    5.091847200481118e+21;    3.052762282212674e+02;    6.609448933843902e+01;    2.658606446646033e+21;    5.342366174252533e+20;    7.900208672277145e+01;    3.808485909768854e+01;    6.038094971251802e+05
   9.560293579998778e-01;    1.470258705541821e+22;    5.881155574911592e+21;    2.888579599529846e+02;    6.525102000817574e+01;    3.180252392810408e+21;    6.092078160675802e+20;    8.090516392121077e+01;    3.789607339163577e+01;    6.421525662804650e+05
   9.615117978674095e-01;    1.600990920071713e+22;    6.011352013382588e+21;    2.740836204858908e+02;    6.482395137662949e+01;    3.209670129262549e+21;    5.940955384291556e+20;    7.895412176073235e+01;    3.782881285201117e+01;    6.238854005395401e+05
   9.666088649687297e-01;    1.558574574875706e+22;    5.712123541746021e+21;    2.618408168026474e+02;    6.417842441484073e+01;    3.286637415579492e+21;    5.717044682854981e+20;    7.238805563209517e+01;    3.925734508114373e+01;    5.795719835031694e+05
   9.715809137558551e-01;    1.435813863949439e+22;    5.569362260297873e+21;    2.455155395622945e+02;    6.387458580495102e+01;    3.366719080001067e+21;    5.703961056562900e+20;    7.300156292615388e+01;    3.843124208748034e+01;    5.324343706482353e+05
   9.765926649538395e-01;    1.412528253792289e+22;    5.213770442895116e+21;    2.294634991952093e+02;    6.369160652127989e+01;    3.367269885299428e+21;    6.636934282809893e+20;    6.833560550529255e+01;    3.886770553895489e+01;    4.832786825157308e+05
   9.817456482699961e-01;    1.352246550550103e+22;    4.826957530205172e+21;    2.176293064399285e+02;    6.209707856783017e+01;    3.254011048973918e+21;    6.503381410757838e+20;    7.415410784617853e+01;    3.961046344882643e+01;    4.069695431136623e+05
   9.868882852785369e-01;    1.251887745780734e+22;    4.477887748578929e+21;    2.055424851609497e+02;    6.213900793360745e+01;    3.161611828661046e+21;    5.717511919679208e+20;    7.211017972455322e+01;    3.924372726576232e+01;    3.693325135127478e+05
   9.919125890961242e-01;    1.108287954492005e+22;    3.900230479259954e+21;    1.963979195190007e+02;    6.162838037819839e+01;    3.245944091425438e+21;    7.024490771187132e+20;    6.975030231853924e+01;    3.953528709614645e+01;    3.238702227625002e+05
   9.970023046767148e-01;    1.063992682270787e+22;    3.744720575475659e+21;    1.793867979613569e+02;    6.128633226033870e+01;    3.126732743885800e+21;    5.817780223051490e+20;    6.517139206525977e+01;    3.945210953728819e+01;    2.797302894356705e+05
   1.001342626329285e+00;    9.719990040052650e+21;    3.277126587592524e+21;    1.724725863244325e+02;    6.030585775455021e+01;    2.848053394307013e+21;    5.444657971316146e+20;    7.051034197314576e+01;    4.047521044668525e+01;    2.340214128703089e+05
   1.003891307039033e+00;    9.732900652764168e+21;    3.183149638431937e+21;    1.697197583654577e+02;    5.999606779301760e+01;    3.248318051936184e+21;    7.849552433870453e+20;    6.043369172403063e+01;    4.028516502346717e+01;    2.377627026261308e+05
   1.005675950428530e+00;    8.967986891921687e+21;    3.298078436736052e+21;    1.625419455901861e+02;    5.941512355939704e+01;    3.190795667150410e+21;    7.296079970561682e+20;    5.874356622651140e+01;    4.185806283976283e+01;    2.099679450619116e+05
   1.008203863942732e+00;    9.420527416411465e+21;    3.488991120628931e+21;    1.569589150875451e+02;    5.972155524912652e+01;    2.890724966925366e+21;    5.495459976897291e+20;    6.124981802432689e+01;    4.197380562596240e+01;    2.087771995649249e+05
   1.009954784760182e+00;    8.252136886948656e+21;    3.236484363377099e+21;    1.645399702768787e+02;    5.886669190063271e+01;    3.230090339970100e+21;    7.740886170455769e+20;    4.298378297733831e+01;    4.239810095237126e+01;    1.640261747173734e+05
   1.011876056087746e+00;    8.210732936484622e+21;    2.716660660356236e+21;    1.532544382593753e+02;    6.013867586656856e+01;    2.799202719180540e+21;    5.460588974762780e+20;    6.447874857570557e+01;    4.249853302594705e+01;    1.617396288350900e+05
   1.014135789749443e+00;    7.853584007815391e+21;    2.641084714098525e+21;    1.504065639948382e+02;    5.809864787271027e+01;    2.757095660040397e+21;    5.349687865721275e+20;    4.712008317672083e+01;    4.200426645135463e+01;    1.646793102051456e+05
   1.015614827647641e+00;    5.899706496819751e+21;    1.855757449549782e+21;    1.472194472948996e+02;    5.873610095235129e+01;    2.629672088408257e+21;    6.270567871262048e+20;    7.191292503334562e+01;    4.330662946141160e+01;    1.208266231338693e+05
   1.017909566817318e+00;    5.394799928572497e+21;    1.767251334591347e+21;    1.442971133427852e+02;    5.838108036585850e+01;    3.004094532914381e+21;    6.079527824521287e+20;    7.235728623948422e+01;    4.248885593747280e+01;    1.309641528274172e+05
   1.019566063670486e+00;    5.854726269406987e+21;    2.159345493103140e+21;    1.476177847068595e+02;    6.105037237317958e+01;    2.262256868318705e+21;    6.732205685156028e+20;    8.515172370266772e+01;    5.034332317465354e+01;    1.350712191449494e+05
   1.020783423157349e+00;    2.742202589470704e+21;    7.690041153427465e+20;    1.138474047271308e+02;    5.552294271137834e+01;    2.341259051314895e+21;    4.986121119510461e+20;    8.239151039579785e+01;    4.336019428342966e+01;    5.135289433593505e+04
   1.022945823100557e+00;    2.623807747307799e+21;    8.300093959429727e+20;    1.115569566833831e+02;    5.802844856118484e+01;    2.196105177197066e+21;    4.584599568537462e+20;    6.602199848854237e+01;    4.442884412664296e+01;    4.546806613735381e+04
   1.024776791209809e+00;    2.117528623742669e+21;    5.574516861447491e+20;    1.084886002734106e+02;    5.778716700879082e+01;    2.342294177436916e+21;    6.197491677419196e+20;    7.604246901998114e+01;    4.445874075889515e+01;    5.595230100091540e+04
   1.025985165871654e+00;    1.168449923621770e+21;    3.866699734138183e+20;    8.686367771540912e+01;    5.789279427158696e+01;    1.671894619941820e+21;    3.546628852296841e+20;    6.780384366220174e+01;    4.151553051251443e+01;    1.771060635197578e+04
   1.027803099548313e+00;    1.051340240869934e+21;    3.404359478544240e+20;    8.510019560349585e+01;    5.495962229674068e+01;    1.815582447942960e+21;    3.659583328429883e+20;    6.378481297236746e+01;    4.361287548550786e+01;    1.897453407712300e+04
   1.030045562841904e+00;    1.239177660809643e+21;    3.303514077851019e+20;    8.695747831081360e+01;    5.804923944695463e+01;    1.502400006094014e+21;    3.194202699368505e+20;    6.720835749977975e+01;    4.190315985442898e+01;    1.715156052026154e+04
   1.031332360571486e+00;    3.873154628650441e+20;    1.727245489557566e+20;    5.309064659701092e+01;    4.732025516168810e+01;    2.131735080217439e+21;    5.160251261617745e+20;    9.581236173481970e+01;    4.352515822873301e+01;    1.879528489669092e+04
   1.032896257948253e+00;    3.671938781571040e+20;    1.373313308897349e+20;    6.041445266759518e+01;    5.837376120893052e+01;    1.983895040791608e+21;    4.288429411089271e+20;    7.874295016688944e+01;    4.259652744602760e+01;    1.564214669313859e+04
   1.035508502329098e+00;    3.173584227294789e+20;    7.031398568489530e+19;    6.282543018151532e+01;    5.209455245648240e+01;    1.803420512351040e+21;    2.955549583074399e+20;    5.845025781373349e+01;    4.191427129103901e+01;    7.700339489866180e+03
   1.036863645140972e+00;    8.683961295854658e+20;    0.000000000000000e+00;    2.592665358177300e+01;    6.593698935568013e+01;    2.869025678886396e+21;    8.915573151112954e+20;    1.386890416499777e+02;    3.626076611535905e+01;    3.300851962926726e+04
   1.038182582914629e+00;    9.370444927164826e+19;    3.419094049736727e+19;    4.547423886222668e+01;    5.774813046424052e+01;    1.723846297853611e+21;    3.518666724405168e+20;    7.345026768739196e+01;    4.235513451380203e+01;    9.993618827244534e+03
   1.040832176095080e+00;    1.034401273544505e+20;    4.286931351315236e+19;    4.653511902410281e+01;    5.715623143563580e+01;    1.492578756997298e+21;    3.633579992418915e+20;    7.844259933607623e+01;    4.271118290799509e+01;    8.326051111995983e+03
   1.042680178702536e+00;    8.654258753964235e+19;    4.273963952126785e+19;    6.964703384900533e+01;    4.463674523539211e+01;    1.849977244909862e+21;    4.065775481187328e+20;    7.320013350785602e+01;    4.167152898384889e+01;    1.096301831898018e+04
   1.044044074328744e+00;    1.708021011301497e+19;    1.708021011301497e+19;    4.182544258665208e+01;    4.645912352129562e+01;    1.831654154390681e+21;    3.394803648133212e+20;    7.106586483345824e+01;    4.214855624811418e+01;    9.703471832921339e+03
   1.046299233410363e+00;    3.553262818408992e+19;    1.746148431413977e+19;    3.265453523880778e+01;    4.390982711379728e+01;    1.665440451703243e+21;    4.077722095299458e+20;    8.579797964487750e+01;    4.229892770830692e+01;    1.085404003182521e+04
   1.048734443945756e+00;    2.292016654887294e+19;    0.000000000000000e+00;    3.537624955039500e+01;    3.351818450258572e+01;    1.594601603551153e+21;    3.993900901483982e+20;    7.585268320862347e+01;    4.463117345450451e+01;    1.046226183660033e+04
   1.050135296757153e+00;    0.000000000000000e+00;    0.000000000000000e+00;    0.000000000000000e+00;    0.000000000000000e+00;    1.474750303438510e+21;    2.656102145909134e+20;    7.945030483681764e+01;    4.668233565908286e+01;    7.824775685695889e+03
   1.051881997406778e+00;    5.752126107410529e+18;    5.752126107410529e+18;    7.762464213164248e+00;    3.241282164457652e+01;    1.388285178445522e+21;    2.584939733869469e+20;    6.483061520436148e+01;    4.389890497589226e+01;    6.229260075131120e+03
   1.054710662179839e+00;    2.092245925494827e+19;    0.000000000000000e+00;    5.062142248079990e+01;    5.667003674055327e+01;    1.471367082581761e+21;    3.071572400178258e+20;    7.803075506311988e+01;    4.341827603786385e+01;    7.663799074324785e+03
   1.056391854387993e+00;    0.000000000000000e+00;    0.000000000000000e+00;    0.000000000000000e+00;    0.000000000000000e+00;    1.527198944372213e+21;    2.311555607680375e+20;    7.650248942606081e+01;    4.177584509165502e+01;    6.555957837479516e+03
   1.057812504190313e+00;    0.000000000000000e+00;    0.000000000000000e+00;    0.000000000000000e+00;    0.000000000000000e+00;    1.416914239742962e+21;    4.005977488565914e+20;    7.812898861797669e+01;    4.327683550479509e+01;    8.977490739308461e+03
   1.060402852752884e+00;    1.736463309478454e+19;    0.000000000000000e+00;    1.274682608628565e+01;    6.408177750626801e+01;    1.258299395687411e+21;    1.937830280861279e+20;    6.400193075171886e+01;    4.233842514450829e+01;    5.069267665136983e+03
   1.062968889529106e+00;    0.000000000000000e+00;    0.000000000000000e+00;    0.000000000000000e+00;    0.000000000000000e+00;    1.292288379671422e+21;    3.914090088648434e+20;    7.680281849715199e+01;    4.046127940203844e+01;    8.256433420468349e+03
   1.064416285466046e+00;    0.000000000000000e+00;    0.000000000000000e+00;    0.000000000000000e+00;    0.000000000000000e+00;    1.110176552904357e+21;    2.630395853886656e+20;    7.152350969767265e+01;    4.115901526250129e+01;    5.659114363669604e+03
   1.066158686260348e+00;    0.000000000000000e+00;    0.000000000000000e+00;    0.000000000000000e+00;    0.000000000000000e+00;    1.414398747458625e+21;    4.030002804489503e+20;    6.972343975211875e+01;    4.260872441668334e+01;    7.430645184431221e+03
   1.069068989204947e+00;    0.000000000000000e+00;    0.000000000000000e+00;    0.000000000000000e+00;    0.000000000000000e+00;    1.308371020165189e+21;    3.218140469814573e+20;    9.177916209083631e+01;    4.120314282992572e+01;    9.209782239382077e+03
   1.071017901675150e+00;    0.000000000000000e+00;    0.000000000000000e+00;    0.000000000000000e+00;    0.000000000000000e+00;    1.443781009170591e+21;    3.252577524416507e+20;    5.302731661987134e+01;    4.394810589310075e+01;    3.771099925395374e+03
   1.072507186539399e+00;    0.000000000000000e+00;    0.000000000000000e+00;    0.000000000000000e+00;    0.000000000000000e+00;    1.270553603695463e+21;    3.315064788012783e+20;    9.273778015864073e+01;    4.103210957159683e+01;    1.043756030167556e+04
   1.075025865883849e+00;    0.000000000000000e+00;    0.000000000000000e+00;    0.000000000000000e+00;    0.000000000000000e+00;    1.358512863703809e+21;    3.323004752961882e+20;    6.945161427334597e+01;    4.148244589935481e+01;    6.471055405455759e+03
   1.078006315120797e+00;    0.000000000000000e+00;    0.000000000000000e+00;    0.000000000000000e+00;    0.000000000000000e+00;    1.242253430301306e+21;    2.514475209868280e+20;    7.041024909018873e+01;    4.344938597954339e+01;    5.049414054253592e+03
   1.079528597897131e+00;    0.000000000000000e+00;    0.000000000000000e+00;    0.000000000000000e+00;    0.000000000000000e+00;    1.652399304295376e+21;    8.099807627156490e+20;    1.269152666528568e+02;    4.061807140208153e+01;    2.481138899256182e+04
   1.081095479034690e+00;    0.000000000000000e+00;    0.000000000000000e+00;    0.000000000000000e+00;    0.000000000000000e+00;    1.227213476657096e+21;    3.193206518129038e+20;    5.646276681564726e+01;    4.206006688970153e+01;    5.701466820489137e+03
   1.084143036258242e+00;    1.029451552142887e+19;    0.000000000000000e+00;    2.629342345905403e+01;    4.812064515887121e+01;    1.067758191062988e+21;    2.304063226277098e+20;    6.505640573143371e+01;    4.058100724344734e+01;    4.144065140182900e+03
   1.086634340206166e+00;    0.000000000000000e+00;    0.000000000000000e+00;    0.000000000000000e+00;    0.000000000000000e+00;    1.411782970678593e+21;    3.388190061566067e+20;    7.642192766267758e+01;    4.300120218656865e+01;    7.476526858203992e+03
   1.088179867076467e+00;    0.000000000000000e+00;    0.000000000000000e+00;    0.000000000000000e+00;    0.000000000000000e+00;    1.564303449843121e+21;    4.144760026207169e+20;    8.792099126357687e+01;    4.454655974101917e+01;    1.119961564646823e+04
   1.090284722656968e+00;    0.000000000000000e+00;    0.000000000000000e+00;    0.000000000000000e+00;    0.000000000000000e+00;    1.442939251919856e+21;    3.910528300030676e+20;    7.813404720635175e+01;    4.391645691834377e+01;    7.294908105378077e+03
   1.093368383731188e+00;    0.000000000000000e+00;    0.000000000000000e+00;    0.000000000000000e+00;    0.000000000000000e+00;    1.153514501922564e+21;    2.451314779045029e+20;    6.520574487902820e+01;    4.006880870328845e+01;    4.372485907800075e+03
   1.095419803946412e+00;    0.000000000000000e+00;    0.000000000000000e+00;    0.000000000000000e+00;    0.000000000000000e+00;    1.329775611109807e+21;    2.836930430877168e+20;    6.352670022606752e+01;    4.487847864764785e+01;    5.004619647889060e+03
   1.096730302641465e+00;    0.000000000000000e+00;    0.000000000000000e+00;    0.000000000000000e+00;    0.000000000000000e+00;    1.128042399667067e+21;    3.780575315886118e+20;    9.366503158074163e+01;    4.072253065159966e+01;    8.630461127061501e+03
   1.098413977428869e+00;    0.000000000000000e+00;    0.000000000000000e+00;    0.000000000000000e+00;    0.000000000000000e+00;    9.447234055120054e+20;    2.269000113766186e+20;    9.162117762703492e+01;    3.849766934095646e+01;    7.421267558208587e+03
   1.100513003170094e+00;    0.000000000000000e+00;    0.000000000000000e+00;    0.000000000000000e+00;    0.000000000000000e+00;    1.169783998666243e+21;    3.061128879798393e+20;    6.533145848597827e+01;    4.084331999960827e+01;    4.740472412346649e+03
   1.103174623555572e+00;    0.000000000000000e+00;    0.000000000000000e+00;    0.000000000000000e+00;    0.000000000000000e+00;    1.079367474518573e+21;    2.910483169005793e+20;    7.179461540295853e+01;    4.438651755104013e+01;    6.743328542601736e+03
   1.104965654752601e+00;    0.000000000000000e+00;    0.000000000000000e+00;    0.000000000000000e+00;    0.000000000000000e+00;    1.384645170740925e+21;    3.103143800042616e+20;    6.311668850777335e+01;    4.171580399970031e+01;    5.769022607361801e+03
   1.107282546272311e+00;    0.000000000000000e+00;    0.000000000000000e+00;    0.000000000000000e+00;    0.000000000000000e+00;    1.072781409948731e+21;    2.632562502013881e+20;    6.216542894192985e+01;    4.242420142291303e+01;    4.734260219735389e+03
   1.111349080247018e+00;    0.000000000000000e+00;    0.000000000000000e+00;    0.000000000000000e+00;    0.000000000000000e+00;    1.062296458764211e+21;    2.920343734536524e+20;    5.810597440543538e+01;    4.396710133012596e+01;    4.750907283459967e+03
   1.114228748786367e+00;    0.000000000000000e+00;    0.000000000000000e+00;    0.000000000000000e+00;    0.000000000000000e+00;    1.267279706094212e+21;    2.441128218652225e+20;    7.534080428833809e+01;    4.275244501809362e+01;    6.418804071582113e+03
   1.118653211062687e+00;    0.000000000000000e+00;    0.000000000000000e+00;    0.000000000000000e+00;    0.000000000000000e+00;    1.105500585178833e+21;    2.731169805012790e+20;    6.709783649511633e+01;    4.237950547933831e+01;    4.960434167339140e+03
   1.122433142046109e+00;    0.000000000000000e+00;    0.000000000000000e+00;    0.000000000000000e+00;    0.000000000000000e+00;    1.671881316751805e+21;    6.082588938857839e+20;    5.393086706481537e+01;    4.218838345681385e+01;    8.993930350231989e+03
   1.126426196972345e+00;    0.000000000000000e+00;    0.000000000000000e+00;    0.000000000000000e+00;    0.000000000000000e+00;    1.051855882669170e+21;    2.959736217169485e+20;    6.292599296036346e+01;    4.316170036680846e+01;    4.866161984196575e+03
   1.131039134115511e+00;    0.000000000000000e+00;    0.000000000000000e+00;    0.000000000000000e+00;    0.000000000000000e+00;    1.008924894475904e+21;    2.363846160389962e+20;    5.638807578941211e+01;    4.042016484503721e+01;    3.485462699734028e+03
   1.135345573238647e+00;    0.000000000000000e+00;    0.000000000000000e+00;    0.000000000000000e+00;    0.000000000000000e+00;    9.508801175513928e+20;    2.465743221508601e+20;    6.765220954623994e+01;    4.359438846543362e+01;    4.918836344945164e+03
   1.140127954859143e+00;    0.000000000000000e+00;    0.000000000000000e+00;    0.000000000000000e+00;    0.000000000000000e+00;    9.431188558788948e+20;    2.659811683797603e+20;    7.181651500661705e+01;    4.105606186297881e+01;    4.578000257037496e+03
   1.144469207625938e+00;    0.000000000000000e+00;    0.000000000000000e+00;    0.000000000000000e+00;    0.000000000000000e+00;    9.969655837222070e+20;    2.539107833686871e+20;    6.290019105880096e+01;    4.095333966560484e+01;    4.490113110456727e+03
