t(s),Flux surface 2: solute,Flux surface 11: solute,Total solute volume 8,Total solute volume 7,Total solute volume 6,Total 1 volume 8,Total retention volume 8,Total retention volume 7,Total retention volume 6
0.0001,0.0,0.0,4441050079528.326,0.0,0.0,1.9496095692902788e+16,1.9500536742982364e+16,0.0,0.0
0.000205,0.0,0.0,4501494466206.655,0.0,0.0,3.943674473355662e+16,3.944124622802286e+16,0.0,0.0
0.00031525,0.0,0.0,4564396830537.4795,0.0,0.0,5.981142777966698e+16,5.981599217649756e+16,0.0,0.0
0.0004310125,0.0,0.0,4630369568477.861,0.0,0.0,8.061075538682219e+16,8.061538575639051e+16,0.0,0.0
0.000552563125,0.0,0.0,4699542549991.745,0.0,0.0,1.018243724346744e+17,1.0182907197722466e+17,0.0,0.0
0.00068019128125,0.0,0.0,4772047868111.017,0.0,0.0,1.2344105278405464e+17,1.2344582483192258e+17,0.0,0.0
0.0008142008453125001,0.0,0.0,4848019494615.958,0.0,0.0,1.454488144987655e+17,1.4545366251826e+17,0.0,0.0
0.0009549108875781252,0.0,0.0,4927592798304.866,0.0,0.0,1.6783505528452422e+17,1.678399828773223e+17,0.0,0.0
0.0011026564319570314,0.0,0.0,5010904003450.633,0.0,0.0,1.9058670767091235e+17,1.9059171857491587e+17,0.0,0.0
0.001257789253554883,0.0,0.0,5098089590651.367,0.0,0.0,2.136904129141942e+17,2.1369551100378512e+17,0.0,0.0
0.0014206787162326273,0.0,0.0,5189285644412.338,0.0,0.0,2.3713271199969117e+17,2.3713790128533536e+17,0.0,0.0
0.0015917126520442588,0.0,0.0,5284627154266.953,0.0,0.0,2.609002514873303e+17,2.6090553611448416e+17,0.0,0.0
0.0017712982846464717,0.0,0.0,5384247278997.035,0.0,0.0,2.8498000129322963e+17,2.8498538554050845e+17,0.0,0.0
0.0019598631988787954,0.0,0.0,5488276586474.352,0.0,0.0,3.093594808591858e+17,3.0936496913577254e+17,0.0,0.0
0.002157856358822735,0.0,0.0,5596842284706.319,0.0,0.0,3.340269895607912e+17,3.340325864030751e+17,0.0,0.0
0.002365749176763872,0.0,0.0,5710067462679.16,0.0,0.0,3.5897183667764256e+17,3.58977546745105e+17,0.0,0.0
0.002584036635602066,0.0,0.0,5828070362364.404,0.0,0.0,3.8418456583226944e+17,3.841903939026322e+17,0.0,0.0
0.002813238467382169,0.0,0.0,5950963705569.088,0.0,0.0,4.096571685349078e+17,4.0966311949861325e+17,0.0,0.0
0.0030539003907512777,0.0,0.0,6078854100921.5625,0.0,0.0,4.35383281384216e+17,4.353893602383174e+17,0.0,0.0
0.003306595410288842,0.0,0.0,6211841556940.712,0.0,0.0,4.613583615993557e+17,4.613645734409124e+17,0.0,0.0
0.003571925180803284,0.0,0.0,6350019126599.087,0.0,0.0,4.875798359182567e+17,4.8758618593738304e+17,0.0,0.0
0.003850521439843448,0.0,0.0,6493472706861.662,0.0,0.0,5.140472185005704e+17,5.14053711973277e+17,0.0,0.0
0.00414304751183562,0.0,0.0,6642281013234.206,0.0,0.0,5.40762194317257e+17,5.407688365982703e+17,0.0,0.0
0.004450199887427402,0.0,0.0,6796515744360.633,0.0,0.0,5.6772866557103936e+17,5.6773546208678374e+17,0.0,0.0
0.004772709881798772,0.0,0.0,6956241945265.041,0.0,0.0,5.949527599341725e+17,5.949597161761171e+17,0.0,0.0
0.0051113453758887106,0.0,0.0,7121518570179.491,0.0,0.0,6.224428007562349e+17,6.224499222748033e+17,0.0,0.0
0.005466912644683146,0.0,0.0,7292399237415.067,0.0,0.0,6.502092408140539e+17,6.502165332132905e+17,0.0,0.0
0.005840258276917303,0.0,0.0,7468933159934.045,0.0,0.0,6.782645625672652e+17,6.782720315004255e+17,0.0,0.0
0.0062322711907631684,0.0,0.0,7651166226769.768,0.0,0.0,7.066231491600362e+17,7.066308003262638e+17,0.0,0.0
0.006643884750301327,0.0,0.0,7839142202871.027,0.0,0.0,7.353011314890843e+17,7.353089706312872e+17,0.0,0.0
0.007076078987816394,0.0,0.0,8032904008947.179,0.0,0.0,7.64316217466893e+17,7.643242503709009e+17,0.0,0.0
0.0075298829372072145,0.0,0.0,8232495038999.315,0.0,0.0,7.936875100917499e+17,7.936957425867891e+17,0.0,0.0
0.008006377084067576,0.0,0.0,8437960471818.987,0.0,0.0,8.234353210614717e+17,8.234437590219432e+17,0.0,0.0
0.008506695938270956,0.0,0.0,8649348533990.082,0.0,0.0,8.535809864316253e+17,8.535896357801604e+17,0.0,0.0
0.009032030735184503,0.0,0.0,8866711675767.516,0.0,0.0,8.841466902470707e+17,8.841555569587468e+17,0.0,0.0
0.00958363227194373,0.0,0.0,9090107627314.775,0.0,0.0,9.151553012194501e+17,9.151643913270775e+17,0.0,0.0
0.010162813885540916,0.0,0.0,9319600310638.363,0.0,0.0,9.466302264564282e+17,9.46639546056739e+17,0.0,0.0
0.010770954579817962,0.0,0.0,9555260591483.44,0.0,0.0,9.785952850583146e+17,9.786048403189048e+17,0.0,0.0
0.01140950230880886,0.0,0.0,9797166864701.988,0.0,0.0,1.0110746031766364e+18,1.0110844003434994e+18,0.0,0.0
0.012079977424249305,0.0,0.0,10045405475433.248,0.0,0.0,1.0440925309651058e+18,1.0441025763705804e+18,0.0,0.0
0.01278397629546177,0.0,0.0,10300070986200.732,0.0,0.0,1.077673580821193e+18,1.0776838808921797e+18,0.0,0.0
0.01352317511023486,0.0,0.0,10561266306235.674,0.0,0.0,1.1118423854723058e+18,1.1118529467386131e+18,0.0,0.0
0.014299333865746602,0.0,0.0,10829102703697.387,0.0,0.0,1.1466236738372856e+18,1.1466345029399889e+18,0.0,0.0
0.015114300559033933,0.0,0.0,11103699723881.396,0.0,0.0,1.1820422622013015e+18,1.1820533659010222e+18,0.0,0.0
0.01597001558698563,0.0,0.0,11385185037097.756,0.0,0.0,1.2181230580685228e+18,1.2181344432535603e+18,0.0,0.0
0.016868516366334914,0.0,0.0,11673694238923.982,0.0,0.0,1.254891074073585e+18,1.254902747767824e+18,0.0,0.0
0.01781194218465166,0.0,0.0,11969370623345.053,0.0,0.0,1.292371449500065e+18,1.29238341887069e+18,0.0,0.0
0.018802539293884243,0.0,0.0,12272364946300.012,0.0,0.0,1.3305894772269294e+18,1.3306017495918766e+18,0.0,0.0
0.019842666258578456,0.0,0.0,12582835193755.041,0.0,0.0,1.3695706342575744e+18,1.3695832170927693e+18,0.0,0.0
0.02093479957150738,0.0,0.0,12900946364967.398,0.0,0.0,1.4093406143415163e+18,1.40935351528788e+18,0.0,0.0
0.02208153955008275,0.0,0.0,13226870278371.05,0.0,0.0,1.4499253615437737e+18,1.4499385884140513e+18,0.0,0.0
0.02328561652758689,0.0,0.0,13560785404684.629,0.0,0.0,1.4913511039297866e+18,1.4913646647151918e+18,0.0,0.0
0.024549897353966232,0.0,0.0,13902876729522.275,0.0,0.0,1.5336443868002312e+18,1.5336582896769608e+18,0.0,0.0
0.025877392221664543,0.0,0.0,14253335646001.4,0.0,0.0,1.5768321051257572e+18,1.5768463584614036e+18,0.0,0.0
0.02727126183274777,0.0,0.0,14612359876563.654,0.0,0.0,1.620941534996789e+18,1.6209561473566674e+18,0.0,0.0
0.02873482492438516,0.0,0.0,14980153422388.092,0.0,0.0,1.6660003640232156e+18,1.666015344176638e+18,0.0,0.0
0.03027156617060442,0.0,0.0,15356926538298.432,0.0,0.0,1.712036720700594e+18,1.712052077627132e+18,0.0,0.0
0.03188514447913464,0.0,0.0,15742895730862.826,0.0,0.0,1.7590792028111222e+18,1.759094945706851e+18,0.0,0.0
0.03357940170309137,0.0,0.0,16138283777371.988,0.0,0.0,1.807156904956913e+18,1.8071730432406904e+18,0.0,0.0
0.03535837178824594,0.0,0.0,16543319763496.906,0.0,0.0,1.8562994453367887e+18,1.8563159886565535e+18,0.0,0.0
0.03722629037765824,0.0,0.0,16958239137612.383,0.0,0.0,1.906536991881123e+18,1.9065539501202616e+18,0.0,0.0
0.039187604896541155,0.0,0.0,17383283779995.945,0.0,0.0,1.957900287856279e+18,1.9579176711400596e+18,0.0,0.0
0.041246985141368216,0.0,0.0,17818702085338.98,0.0,0.0,2.0104206770437985e+18,2.0104384957458852e+18,0.0,0.0
0.043409334398436625,0.0,0.0,18264749057229.492,0.0,0.0,2.0641301285914708e+18,2.0641483933405286e+18,0.0,0.0
0.045679801118358454,0.0,0.0,18721686413469.156,0.0,0.0,2.1190612616251284e+18,2.1190799833115443e+18,0.0,0.0
0.04806379117427638,0.0,0.0,19189782701272.293,0.0,0.0,2.1752473697018253e+18,2.1752665594845258e+18,0.0,0.0
0.0505669807329902,0.0,0.0,19669313421552.64,0.0,0.0,2.2327224451775828e+18,2.232742114491005e+18,0.0,0.0
0.05319532976963971,0.0,0.0,20160561161646.17,0.0,0.0,2.2915212035562414e+18,2.2915413641174075e+18,0.0,0.0
0.0559550962581217,0.0,0.0,20663815735934.902,0.0,0.0,2.3516791078798177e+18,2.3516997716955525e+18,0.0,0.0
0.058852851071027786,0.0,0.0,21179374333941.42,0.0,0.0,2.41323239321553e+18,2.413253572589857e+18,0.0,0.0
0.061895493624579176,0.0,0.0,21707541675547.605,0.0,0.0,2.476218091290264e+18,2.47623979883194e+18,0.0,0.0
0.06509026830580814,0.0,0.0,22248630173065.977,0.0,0.0,2.540674055318929e+18,2.5406963039491036e+18,0.0,0.0
0.06844478172109854,0.0,0.0,22802960099951.242,0.0,0.0,2.606638985069816e+18,2.6066617880299156e+18,0.0,0.0
0.07196702080715346,0.0,0.0,23370859765993.766,0.0,0.0,2.6741524522071444e+18,2.674175823066914e+18,0.0,0.0
0.07566537184751114,0.0,0.0,23952665698877.035,0.0,0.0,2.743254925948191e+18,2.743278878613884e+18,0.0,0.0
0.0795486404398867,0.0,0.0,24548722832019.65,0.0,0.0,2.813987799070158e+18,2.814012347792994e+18,0.0,0.0
0.08362607246188104,0.0,0.0,25159384698652.918,0.0,0.0,2.886393414300173e+18,2.8864185736848763e+18,0.0,0.0
0.08790737608497509,0.0,0.0,25785013632109.383,0.0,0.0,2.9605150911197727e+18,2.960540876133409e+18,0.0,0.0
0.09240274488922384,0.0,0.0,26425980972323.26,0.0,0.0,3.036397153014191e+18,3.0364235789951647e+18,0.0,0.0
0.09712288213368504,0.0,0.0,27082667278559.242,0.0,0.0,3.1140849551953014e+18,3.114112037862579e+18,0.0,0.0
0.1020790262403693,0.0,0.0,27755462548406.105,0.0,0.0,3.193624912826037e+18,3.193652668288587e+18,0.0,0.0
0.10728297755238776,0.0,0.0,28444766443084.613,0.0,0.0,3.275064529773429e+18,3.275092974539866e+18,0.0,0.0
0.11274712643000716,0.0,0.0,29150988519132.83,0.0,0.0,3.358452427916411e+18,3.3584815789049324e+18,0.0,0.0
0.11848448275150752,0.0,0.0,29874548466544.54,0.0,0.0,3.4438383770343194e+18,3.44386825158279e+18,0.0,0.0
0.1245087068890829,0.0,0.0,30615876353445.676,0.0,0.0,3.5312733253011046e+18,3.531303941177455e+18,0.0,0.0
0.13083414223353704,0.0,0.0,31375412877406.1,0.0,0.0,3.620809430410346e+18,3.620840805823216e+18,0.0,0.0
0.1374758493452139,0.0,0.0,32153609623491.51,0.0,0.0,3.712500091355572e+18,3.712532244965192e+18,0.0,0.0
0.1444496418124746,0.0,0.0,32950929329168.906,0.0,0.0,3.8063999808903327e+18,3.8064329318196675e+18,0.0,0.0
0.15177212390309833,0.0,0.0,33767846156188.805,0.0,0.0,3.9025650786924447e+18,3.9025988465386076e+18,0.0,0.0
0.15946073009825326,0.0,0.0,34604845960218.18,0.0,0.0,4.001052705283091e+18,4.0010873101290476e+18,0.0,0.0
0.16753376660316593,0.0,0.0,35462426615245.75,0.0,0.0,4.1019215565902674e+18,4.1019570190168776e+18,0.0,0.0
0.17601045493332423,0.0,0.0,36341098248499.266,0.0,0.0,4.205231739454908e+18,4.205268080553159e+18,0.0,0.0
0.18491097767999046,0.0,0.0,37241383581616.0,0.0,0.0,4.3110448078274796e+18,4.311082049211059e+18,0.0,0.0
0.19425652656398998,0.0,0.0,38163818229624.03,0.0,0.0,4.419423799816923e+18,4.41946196363515e+18,0.0,0.0
0.2040693528921895,0.0,0.0,39108951017531.414,0.0,0.0,4.5304332755912556e+18,4.5304723845422715e+18,0.0,0.0
0.21437282053679899,0.0,0.0,40077344304994.92,0.0,0.0,4.644139356154725e+18,4.644179433499027e+18,0.0,0.0
0.22519146156363895,0.0,0.0,41069574319241.03,0.0,0.0,4.760609763026904e+18,4.760650832601226e+18,0.0,0.0
0.23655103464182092,0.0,0.0,42086231496420.086,0.0,0.0,4.87991385884919e+18,4.879955945080689e+18,0.0,0.0
0.24847858637391199,0.0,0.0,43127920831567.99,0.0,0.0,5.002122688945075e+18,5.002165816865903e+18,0.0,0.0
0.2610025156926076,0.0,0.0,44195262237357.94,0.0,0.0,5.127309023860439e+18,5.127353219122673e+18,0.0,0.0
0.27415264147723795,0.0,0.0,45288890911837.195,0.0,0.0,5.255547402910877e+18,5.255592691801784e+18,0.0,0.0
0.2879602735510999,0.0,0.0,46409457715357.64,0.0,0.0,5.386914178763823e+18,5.386960588221546e+18,0.0,0.0
0.30245828722865487,0.0,0.0,47557629556912.4,0.0,0.0,5.521487563082917e+18,5.521535120712464e+18,0.0,0.0
0.3176812015900876,0.0,0.0,48734089790106.266,0.0,0.0,5.659347673263392e+18,5.659396407353165e+18,0.0,0.0
0.333665261669592,0.0,0.0,49939538618986.79,0.0,0.0,5.80057658028758e+18,5.800626519826204e+18,0.0,0.0
0.3504485247530716,0.0,0.0,51174693513972.67,0.0,0.0,5.94525835772976e+18,5.945309532423274e+18,0.0,0.0
0.3680709509907252,0.0,0.0,52440289638120.0,0.0,0.0,6.093479131940709e+18,6.093531572230353e+18,0.0,0.0
0.38657449854026144,0.0,0.0,53737080283975.51,0.0,0.0,6.245327133442854e+18,6.245380870523146e+18,0.0,0.0
0.4060032234672745,0.0,0.0,55065837321270.33,0.0,0.0,6.400892749567192e+18,6.400947815404521e+18,0.0,0.0
0.42640338464063826,0.0,0.0,56427351655717.67,0.0,0.0,6.560268578364296e+18,6.560325005715955e+18,0.0,0.0
0.4478235538726702,0.0,0.0,57822433699180.74,0.0,0.0,6.723549483822172e+18,6.723607306255859e+18,0.0,0.0
0.47031473156630377,0.0,0.0,59251913851488.55,0.0,0.0,6.890832652424333e+18,6.890891904338188e+18,0.0,0.0
0.493930468144619,0.0,0.0,60716642994181.9,0.0,0.0,7.062217651082724e+18,7.062278367725724e+18,0.0,0.0
0.51872699155185,0.0,0.0,62217492996479.234,0.0,0.0,7.237806486480017e+18,7.237868703973028e+18,0.0,0.0
0.5447633411294425,0.0,0.0,63755357233760.28,0.0,0.0,7.417703665857726e+18,7.417767421214951e+18,0.0,0.0
0.5721015081859147,0.0,0.0,65331151118875.05,0.0,0.0,7.602016259286175e+18,7.602081590437304e+18,0.0,0.0
0.6008065835952104,0.0,0.0,66945812646589.125,0.0,0.0,7.790853963454447e+18,7.790920909267078e+18,0.0,0.0
0.630946912774971,0.0,0.0,68600302951486.71,0.0,0.0,7.984329167018049e+18,7.984397767321016e+18,0.0,0.0
0.6625942584137196,0.0,0.0,70295606879662.79,0.0,0.0,8.182557017544383e+18,8.182627313151265e+18,0.0,0.0
0.6958239713344055,0.0,0.0,72032733574541.05,0.0,0.0,8.385655490095108e+18,8.385727522828687e+18,0.0,0.0
0.7307151699011258,0.0,0.0,73812717077163.78,0.0,0.0,8.593745457487758e+18,8.593819270204857e+18,0.0,0.0
0.7673509283961821,0.0,0.0,75636616941309.84,0.0,0.0,8.806950762277755e+18,8.807026398894687e+18,0.0,0.0
0.8058184748159913,0.0,0.0,77505518863804.2,0.0,0.0,9.025398290504484e+18,9.025475796023352e+18,0.0,0.0
0.846209398556791,0.0,0.0,79420535330393.38,0.0,0.0,9.24921804724553e+18,9.249297467780846e+18,0.0,0.0
0.8886198684846306,0.0,0.0,81382806277567.38,0.0,0.0,9.4785432340239e+18,9.478624616830171e+18,0.0,0.0
0.9331508619088622,0.0,0.0,83393499770722.48,0.0,0.0,9.71351032811502e+18,9.71359372161479e+18,0.0,0.0
0.9799084050043054,0.0,0.0,85453812699067.22,0.0,0.0,9.954259163800777e+18,9.954344617613474e+18,0.0,0.0
1.0290038252545208,0.0,0.0,87564971487681.27,0.0,0.0,1.0200933015618613e+19,1.0201020580590098e+19,0.0,0.0
1.080554016517247,0.0,0.0,89728232827151.81,0.0,0.0,1.045367868365658e+19,1.0453768411889371e+19,0.0,0.0
1.1346817173431094,0.0,0.0,91944884421222.3,0.0,0.0,1.0712646580943831e+19,1.0712738525828243e+19,0.0,0.0
1.1915158032102648,0.0,0.0,94216245752889.16,0.0,0.0,1.0977990822989984e+19,1.0978085039235731e+19,0.0,0.0
1.2511915933707782,0.0,0.0,96543668869414.84,0.0,0.0,1.1249869319525915e+19,1.1249965863194798e+19,0.0,0.0
1.3138511730393172,0.0,0.0,98928539186711.6,0.0,0.0,1.1528443868501203e+19,1.1528542797040386e+19,0.0,0.0
1.379643731691283,0.0,0.0,101372276313577.48,0.0,0.0,1.1813880252394004e+19,1.1813981624670306e+19,0.0,0.0
1.4487259182758472,0.0,0.0,103876334896279.42,0.0,0.0,1.2106348336891034e+19,1.2106452213225906e+19,0.0,0.0
1.5212622141896397,0.0,0.0,106442205483978.95,0.0,0.0,1.240602217199621e+19,1.2406128614201696e+19,0.0,0.0
1.5974253248991217,0.0,0.0,109071415415516.5,0.0,0.0,1.2713080095628511e+19,1.271318916704388e+19,0.0,0.0
1.6773965911440778,0.0,0.0,111765529728085.3,0.0,0.0,1.3027704839770319e+19,1.3027816605300048e+19,0.0,0.0
1.7613664207012818,0.0,0.0,114526152088331.39,0.0,0.0,1.335008363923035e+19,1.3350198165382445e+19,0.0,0.0
1.849534741736346,0.0,0.0,117354925746435.98,0.0,0.0,1.3680408343084913e+19,1.3680525698010683e+19,0.0,0.0
1.9421114788231633,0.0,0.0,120253534513747.64,0.0,0.0,1.4018875528864532e+19,1.4018995782399025e+19,0.0,0.0
2.0393170527643214,0.0,0.0,123223703764544.66,0.0,0.0,1.4365686619553935e+19,1.4365809843257717e+19,0.0,0.0
2.1413829054025375,0.0,0.0,126267201462527.33,0.0,0.0,1.4721048003474868e+19,1.4721174270676324e+19,0.0,0.0
2.2485520506726644,0.0,0.0,129385839212648.67,0.0,0.0,1.5085171157123095e+19,1.5085300542962313e+19,0.0,0.0
2.3610796532062976,0.0,0.0,132581473338909.1,0.0,0.0,1.545827277103282e+19,1.545840535250613e+19,0.0,0.0
2.4792336358666125,0.0,0.0,135856005988765.95,0.0,0.0,1.5840574878743579e+19,1.5840710734749524e+19,0.0,0.0
2.6032953176599434,0.0,0.0,139211386264797.64,0.0,0.0,1.6232304988946045e+19,1.6232444200332272e+19,0.0,0.0
2.7335600835429408,0.0,0.0,142649611384321.88,0.0,0.0,1.6633696220885635e+19,1.6633838870496987e+19,0.0,0.0
2.870338087720088,0.0,0.0,146172727867633.28,0.0,0.0,1.7044987443104563e+19,1.7045133615832398e+19,0.0,0.0
3.0139549921060924,0.0,0.0,149782832755590.6,0.0,0.0,1.7466423415604515e+19,1.7466573198437288e+19,0.0,0.0
3.164752741711397,0.0,0.0,153482074857265.1,0.0,0.0,1.7898254935514943e+19,1.789840841758978e+19,0.0,0.0
3.3230903787969672,0.0,0.0,157272656028399.2,0.0,0.0,1.8340738986353408e+19,1.8340896259009421e+19,0.0,0.0
3.4893448977368156,0.0,0.0,161156832481439.03,0.0,0.0,1.879413889096691e+19,1.8794300047799423e+19,0.0,0.0
3.6639121426236563,0.0,0.0,165136916127923.9,0.0,0.0,1.9258724468245164e+19,1.9258889605161316e+19,0.0,0.0
3.847207749754839,0.0,0.0,169215275954019.25,0.0,0.0,1.973477219369862e+19,1.97349414089746e+19,0.0,0.0
4.039668137242582,0.0,0.0,173394339411313.38,0.0,0.0,2.0222565364045763e+19,2.0222738758385136e+19,0.0,0.0
4.222963744373764,0.0,0.0,177366642418269.84,0.0,0.0,2.0676721220142764e+19,2.0676898586785247e+19,0.0,0.0
4.415424131861506,0.0,0.0,181414135028748.94,0.0,0.0,2.1142926727059366e+19,2.1143108141194473e+19,0.0,0.0
4.617507538723635,0.0,0.0,185539195088125.53,0.0,0.0,2.162154250294236e+19,2.162172804213747e+19,0.0,0.0
4.829695115928871,0.0,0.0,189756896566605.9,0.0,0.0,2.2112907149403615e+19,2.2113096906300203e+19,0.0,0.0
5.052492071994369,0.0,0.0,194079336096525.0,0.0,0.0,2.2617340741615526e+19,2.261753482095157e+19,0.0,0.0
5.286428875863141,0.0,0.0,198513773768595.53,0.0,0.0,2.3135157301991846e+19,2.3135355815765557e+19,0.0,0.0
5.509225831928639,0.0,0.0,202733059093476.0,0.0,0.0,2.361805148743623e+19,2.3618254220495303e+19,0.0,0.0
5.743162635797411,0.0,0.0,207040738487877.28,0.0,0.0,2.4114524998103667e+19,2.4114732038842106e+19,0.0,0.0
5.988796279859622,0.0,0.0,211438059453909.34,0.0,0.0,2.4624966354530976e+19,2.4625177792590447e+19,0.0,0.0
6.2467116061249435,0.0,0.0,215940507482845.16,0.0,0.0,2.5149745036377944e+19,2.514996097688544e+19,0.0,0.0
6.517522698703531,0.0,0.0,220560889501945.1,0.0,0.0,2.568921324289328e+19,2.568943380378277e+19,0.0,0.0
6.775438024968853,0.0,0.0,224958885397841.22,0.0,0.0,2.619294938648096e+19,2.6193174345366434e+19,0.0,0.0
7.046249117547441,0.0,0.0,229456014104522.94,0.0,0.0,2.671149202323879e+19,2.6711721479252922e+19,0.0,0.0
7.330600764754958,0.0,0.0,234052734124703.78,0.0,0.0,2.72452558981638e+19,2.7245489950898e+19,0.0,0.0
7.629169994322851,0.0,0.0,238764670396163.9,0.0,0.0,2.7794639404358873e+19,2.779487816902922e+19,0.0,0.0
7.9426676853691385,0.0,0.0,243605147338632.1,0.0,0.0,2.836002484655059e+19,2.8360268451697947e+19,0.0,0.0
8.27184026096774,0.0,0.0,248582599332116.34,0.0,0.0,2.89417890888029e+19,2.894203767140219e+19,0.0,0.0
8.585337952014028,0.0,0.0,253325459569244.97,0.0,0.0,2.9485481151303274e+19,2.9485734476762878e+19,0.0,0.0
8.914510527612629,0.0,0.0,258181198027834.7,0.0,0.0,3.0045608403026498e+19,3.00458665842246e+19,0.0,0.0
9.260141731991162,0.0,0.0,263148989640562.3,0.0,0.0,3.062262722131476e+19,3.062289037030438e+19,0.0,0.0
9.62305449658862,0.0,0.0,268245279500818.78,0.0,0.0,3.121697893884954e+19,3.1217247184128995e+19,0.0,0.0
10.004112899415952,0.0,0.0,273484389160849.7,0.0,0.0,3.182908895455027e+19,3.1829362438939374e+19,0.0,0.0
10.367025664013411,0.0,0.0,278476715837328.88,0.0,0.0,3.2401605353812984e+19,3.2401883830528823e+19,0.0,0.0
10.748084066840743,0.0,0.0,283592641035611.9,0.0,0.0,3.2991891353554186e+19,3.2992174946195186e+19,0.0,0.0
11.148195389809441,0.0,0.0,288830904192686.5,0.0,0.0,3.3600439683816763e+19,3.3600728514720903e+19,0.0,0.0
11.568312278926575,0.0,0.0,294208519763752.2,0.0,0.0,3.4227729389835686e+19,3.4228023598355415e+19,0.0,0.0
12.009435012499564,0.0,0.0,299740589521458.9,0.0,0.0,3.4874224034272432e+19,3.48745237748619e+19,0.0,0.0
12.429551901616698,0.0,0.0,305013981418769.3,0.0,0.0,3.5479295092621898e+19,3.547960010660325e+19,0.0,0.0
12.870674635189687,0.0,0.0,310422718926388.44,0.0,0.0,3.6103538887089926e+19,3.6103849309808804e+19,0.0,0.0
13.333853505441326,0.0,0.0,315964715681892.06,0.0,0.0,3.674748745045949e+19,3.6747803415175295e+19,0.0,0.0
13.820191319205547,0.0,0.0,321657539446666.9,0.0,0.0,3.74116605293181e+19,3.741198218685745e+19,0.0,0.0
14.33084602365798,0.0,0.0,327517110356824.3,0.0,0.0,3.809656277285722e+19,3.809689028996765e+19,0.0,0.0
14.817183837422201,0.0,0.0,333104291685969.44,0.0,0.0,3.873791798272918e+19,3.873825108702072e+19,0.0,0.0
15.327838541874634,0.0,0.0,338839004977256.1,0.0,0.0,3.939993296431158e+19,3.94002718033164e+19,0.0,0.0
15.864025981549688,0.0,0.0,344718393922016.06,0.0,0.0,4.0083182513715044e+19,4.008352723210889e+19,0.0,0.0
16.427022793208494,0.0,0.0,350760727749819.5,0.0,0.0,4.078823023841231e+19,4.078858099914011e+19,0.0,0.0
16.963210232883547,0.0,0.0,356517151435876.0,0.0,0.0,4.144886993771575e+19,4.144922645486729e+19,0.0,0.0
17.526207044542353,0.0,0.0,362428211014782.44,0.0,0.0,4.213121765159073e+19,4.213158007980181e+19,0.0,0.0
18.1173536967841,0.0,0.0,368491760374784.0,0.0,0.0,4.283588294521891e+19,4.283625143697928e+19,0.0,0.0
18.738057681637933,0.0,0.0,374726619572727.25,0.0,0.0,4.356346511334469e+19,4.356383983996404e+19,0.0,0.0
19.38979686573446,0.0,0.0,381150313760595.44,0.0,0.0,4.431454910313986e+19,4.43149302534536e+19,0.0,0.0
20.010500850588294,0.0,0.0,387277934854372.9,0.0,0.0,4.501855957574499e+19,4.501894685367995e+19,0.0,0.0
20.66224003468482,0.0,0.0,393576031031254.5,0.0,0.0,4.5745931946612335e+19,4.574632552264326e+19,0.0,0.0
21.346566177986173,0.0,0.0,400040181369924.8,0.0,0.0,4.649732172316735e+19,4.649772176334885e+19,0.0,0.0
22.06510862845259,0.0,0.0,406689492590631.75,0.0,0.0,4.727337619172814e+19,4.727378288122081e+19,0.0,0.0
22.749434771753943,0.0,0.0,413026327880458.2,0.0,0.0,4.80011454105678e+19,4.800155843689573e+19,0.0,0.0
23.467977222220362,0.0,0.0,419540928786906.2,0.0,0.0,4.8753427452371575e+19,4.8753846993300144e+19,0.0,0.0
24.222446795210104,0.0,0.0,426229838574442.44,0.0,0.0,4.953091741385898e+19,4.953134364369768e+19,0.0,0.0
25.01463984684933,0.0,0.0,433112988201239.6,0.0,0.0,5.033430260878464e+19,5.033473572177293e+19,0.0,0.0
25.84644255107052,0.0,0.0,440209579996253.8,0.0,0.0,5.116425678667901e+19,5.116469699625905e+19,0.0,0.0
26.638635602709748,0.0,0.0,446980974442593.5,0.0,0.0,5.194272726212337e+19,5.194317424309788e+19,0.0,0.0
27.470438306930937,0.0,0.0,453947624925019.75,0.0,0.0,5.274756771659844e+19,5.27480216642234e+19,0.0,0.0
28.343831146363186,0.0,0.0,461103658725380.75,0.0,0.0,5.3579524924141494e+19,5.357998602780039e+19,0.0,0.0
29.260893627767047,0.0,0.0,468469452245739.7,0.0,0.0,5.443933970809057e+19,5.443980817754263e+19,0.0,0.0
30.134286467199296,0.0,0.0,475490709185443.75,0.0,0.0,5.524613026810678e+19,5.524660575881609e+19,0.0,0.0
31.051348948603156,0.0,0.0,482714969674974.56,0.0,0.0,5.608057260962659e+19,5.608105532459646e+19,0.0,0.0
32.01426455407721,0.0,0.0,490137556376452.0,0.0,0.0,5.694345812124581e+19,5.6943948258802024e+19,0.0,0.0
33.02532593982497,0.0,0.0,497779923159327.6,0.0,0.0,5.7835572349625565e+19,5.783607012954871e+19,0.0,0.0
34.086940394860115,0.0,0.0,505663270096105.56,0.0,0.0,5.875768767196195e+19,5.875819333523212e+19,0.0,0.0
35.09800178060787,0.0,0.0,513186802361616.9,0.0,0.0,5.9623032200713994e+19,5.962354538751643e+19,0.0,0.0
36.15961623564302,0.0,0.0,520932859414116.94,0.0,0.0,6.0518124204627755e+19,6.051864513748701e+19,0.0,0.0
37.27431141342993,0.0,0.0,528894141763299.9,0.0,0.0,6.1443813104154436e+19,6.144434199829606e+19,0.0,0.0
38.44474135010618,0.0,0.0,537092690689603.5,0.0,0.0,6.240094422212678e+19,6.2401481314817516e+19,0.0,0.0
39.559436527893084,0.0,0.0,544909000788078.75,0.0,0.0,6.329943495918045e+19,6.329997986818136e+19,0.0,0.0
40.729866464569334,0.0,0.0,552956253258103.5,0.0,0.0,6.422911072483725e+19,6.422966368109062e+19,0.0,0.0
41.958817898079396,0.0,0.0,561228480083180.3,0.0,0.0,6.519087119765305e+19,6.519143242613309e+19,0.0,0.0
43.24921690326496,0.0,0.0,569746446385320.4,0.0,0.0,6.618561542717279e+19,6.6186185173619155e+19,0.0,0.0
44.6041358587098,0.0,0.0,578475938630855.5,0.0,0.0,6.7214315579828675e+19,6.721489405576741e+19,0.0,0.0
45.894534863895366,0.0,0.0,586362601934917.8,0.0,0.0,6.818076421828145e+19,6.818135058088333e+19,0.0,0.0
47.24945381934021,0.0,0.0,593557287679418.5,0.0,0.0,6.91831158751853e+19,6.9183709432473e+19,0.0,0.0
48.67211872255729,0.0,0.0,601990047521624.1,0.0,0.0,7.022134624884474e+19,7.02219482388925e+19,0.0,0.0
50.02703767800214,0.0,0.0,612636870737141.0,0.0,0.0,7.119355247735543e+19,7.11941651142261e+19,0.0,0.0
51.3174366831877,0.0,0.0,621778618708864.4,0.0,0.0,7.210546576549281e+19,7.21060875441115e+19,0.0,0.0
52.672355638632546,0.0,0.0,628667287206357.0,0.0,0.0,7.3051946060174344e+19,7.3052574727461675e+19,0.0,0.0
54.09502054184963,0.0,0.0,636058051916635.0,0.0,0.0,7.403446455615206e+19,7.403510061420382e+19,0.0,0.0
55.58881869022757,0.0,0.0,646562864230544.1,0.0,0.0,7.505000659172683e+19,7.505065315459095e+19,0.0,0.0
57.01148359344465,0.0,0.0,656625706597895.9,0.0,0.0,7.6002157208288e+19,7.600281383399453e+19,0.0,0.0
58.50528174182259,0.0,0.0,664208879673145.8,0.0,0.0,7.698979573048076e+19,7.699045993936047e+19,0.0,0.0
60.07376979761943,0.0,0.0,670945466337483.1,0.0,0.0,7.801632043188768e+19,7.801699137735426e+19,0.0,0.0
61.7206822562061,0.0,0.0,680301461197913.2,0.0,0.0,7.908005270839722e+19,7.90807330098586e+19,0.0,0.0
63.28917031200294,0.0,0.0,691155173549009.8,0.0,0.0,8.007751631235464e+19,8.007820746752813e+19,0.0,0.0
64.93608277058962,0.0,0.0,700420631913038.6,0.0,0.0,8.11103749188425e+19,8.111107533947445e+19,0.0,0.0
66.66534085210563,0.0,0.0,707707681597868.5,0.0,0.0,8.218327069722894e+19,8.218397840491071e+19,0.0,0.0
68.48106183769744,0.0,0.0,716390139334798.8,0.0,0.0,8.329661695645565e+19,8.329733334659526e+19,0.0,0.0
70.38756887256885,0.0,0.0,728107754151709.1,0.0,0.0,8.444736755558004e+19,8.444809566333415e+19,0.0,0.0
72.38940125918383,0.0,0.0,738965935320177.1,0.0,0.0,8.563739308119122e+19,8.563813204712635e+19,0.0,0.0
74.49132526512955,0.0,0.0,747745755296817.1,0.0,0.0,8.687177496611997e+19,8.687252271187526e+19,0.0,0.0
76.69834547137256,0.0,0.0,758323419178399.1,0.0,0.0,8.815033693221773e+19,8.815109525563693e+19,0.0,0.0
78.80026947731828,0.0,0.0,770432769532401.0,0.0,0.0,8.934921559042102e+19,8.934998602319076e+19,0.0,0.0
81.0072896835613,0.0,0.0,780998626500077.8,0.0,0.0,9.059041785502022e+19,9.059119885364699e+19,0.0,0.0
83.32466090011646,0.0,0.0,790492054093837.0,0.0,0.0,9.187785267325754e+19,9.187864316531168e+19,0.0,0.0
85.75790067749938,0.0,0.0,802617399702358.4,0.0,0.0,9.320984812071292e+19,9.321065073811266e+19,0.0,0.0
88.07527189405454,0.0,0.0,814627972440431.9,0.0,0.0,9.445964478097726e+19,9.446045940894976e+19,0.0,0.0
90.50851167143746,0.0,0.0,824734018278863.8,0.0,0.0,9.575531751168046e+19,9.575614224569895e+19,0.0,0.0
93.06341343768952,0.0,0.0,835627810762777.0,0.0,0.0,9.709830712414654e+19,9.709914275195722e+19,0.0,0.0
95.49665321507244,0.0,0.0,847928760389548.4,0.0,0.0,9.835916115247614e+19,9.836000908123642e+19,0.0,0.0
98.0515549813245,0.0,0.0,859268724874948.4,0.0,0.0,9.966513980632708e+19,9.966599907505181e+19,0.0,0.0
100.73420183588917,0.0,0.0,869653622267378.0,0.0,0.0,1.0101985441877007e+20,1.0102072407239234e+20,0.0,0.0
103.55098103318207,0.0,0.0,882322529960999.0,0.0,0.0,1.0242237137741239e+20,1.0242325369994229e+20,0.0,0.0
106.23362788774674,0.0,0.0,894541101803313.2,0.0,0.0,1.0373975828086815e+20,1.0374065282196975e+20,0.0,0.0
109.05040708503964,0.0,0.0,905315818467183.6,0.0,0.0,1.0510615604146117e+20,1.0510706135727992e+20,0.0,0.0
112.00802524219718,0.0,0.0,917377925341951.1,0.0,0.0,1.0652233120601878e+20,1.0652324858394422e+20,0.0,0.0
114.82480443949008,0.0,0.0,929996695421545.6,0.0,0.0,1.0785293074122079e+20,1.0785386073791637e+20,0.0,0.0
117.78242259664762,0.0,0.0,941409460610390.0,0.0,0.0,1.0923270192301566e+20,1.0923364333247594e+20,0.0,0.0
120.88792166166304,0.0,0.0,953073281502114.0,0.0,0.0,1.106638183891431e+20,1.1066477146242451e+20,0.0,0.0
123.84553981882058,0.0,0.0,965695025648859.6,0.0,0.0,1.120092817416041e+20,1.1201024743662982e+20,0.0,0.0
126.951038883836,0.0,0.0,977772170980503.8,0.0,0.0,1.1340425183414105e+20,1.1340522960631199e+20,0.0,0.0
130.2118129021022,0.0,0.0,989361313212261.5,0.0,0.0,1.148516992868479e+20,1.1485268864816089e+20,0.0,0.0
133.6356256212817,0.0,0.0,1002865051195502.4,0.0,0.0,1.163513985058073e+20,1.1635240137085854e+20,0.0,0.0
136.8963996395479,0.0,0.0,1015354745975231.8,0.0,0.0,1.1776195161914268e+20,1.177629669738888e+20,0.0,0.0
140.3202123587274,0.0,0.0,1027201654650316.6,0.0,0.0,1.192257696388661e+20,1.1922679684052053e+20,0.0,0.0
143.91521571386588,0.0,0.0,1040694752910565.8,0.0,0.0,1.2074315213886743e+20,1.2074419283362038e+20,0.0,0.0
147.33902843304537,0.0,0.0,1053470799452413.6,0.0,0.0,1.221706608007177e+20,1.2217171427151731e+20,0.0,0.0
150.93403178818386,0.0,0.0,1065566931482804.2,0.0,0.0,1.236523178184724e+20,1.2365338338540383e+20,0.0,0.0
154.70878531107925,0.0,0.0,1079088340690826.5,0.0,0.0,1.2518882183281528e+20,1.2518990092115604e+20,0.0,0.0
158.30378866621774,0.0,0.0,1092059747146259.2,0.0,0.0,1.2663473220441671e+20,1.2663582426416384e+20,0.0,0.0
162.07854218911314,0.0,0.0,1104407450373688.2,0.0,0.0,1.2813575074626121e+20,1.2813685515371158e+20,0.0,0.0
166.0420333881533,0.0,0.0,1118029536439676.1,0.0,0.0,1.2969283948966763e+20,1.2969395751920407e+20,0.0,0.0
169.8167869110487,0.0,0.0,1131150883900850.2,0.0,0.0,1.3115855459174767e+20,1.3115968574263158e+20,0.0,0.0
173.78027811008886,0.0,0.0,1143747686195259.2,0.0,0.0,1.3268040791465653e+20,1.3268155166234247e+20,0.0,0.0
177.94194386908103,0.0,0.0,1157539953593348.0,0.0,0.0,1.3425951052678752e+20,1.3426066806674096e+20,0.0,0.0
181.9054350681212,0.0,0.0,1170784983248259.5,0.0,0.0,1.3574637925567282e+20,1.3574755004065613e+20,0.0,0.0
186.06710082711336,0.0,0.0,1183629066269082.0,0.0,0.0,1.3729047916107491e+20,1.3729166279014103e+20,0.0,0.0
190.43684987405516,0.0,0.0,1197646852389716.8,0.0,0.0,1.3889298665216695e+20,1.3889418429901939e+20,0.0,0.0
195.02508637334404,0.0,0.0,1212075049291034.2,0.0,0.0,1.4055550487921125e+20,1.4055671695426029e+20,0.0,0.0
199.84273469759736,0.0,0.0,1226408790142441.5,0.0,0.0,1.4228065745546496e+20,1.4228188386425518e+20,0.0,0.0
204.43097119688625,0.0,0.0,1240832711514668.5,0.0,0.0,1.4390474067540802e+20,1.4390598150811936e+20,0.0,0.0
209.24861952113957,0.0,0.0,1255288749620365.2,0.0,0.0,1.455902403961514e+20,1.4559149568490093e+20,0.0,0.0
214.30715026160556,0.0,0.0,1270132258680592.2,0.0,0.0,1.4733935062951461e+20,1.4734062076177321e+20,0.0,0.0
219.12479858585888,0.0,0.0,1284781733160980.8,0.0,0.0,1.4898626889333657e+20,1.489875536750698e+20,0.0,0.0
224.18332932632487,0.0,0.0,1299279264240930.5,0.0,0.0,1.5069608105218438e+20,1.5069738033144873e+20,0.0,0.0
229.49478660381416,0.0,0.0,1314632837879804.8,0.0,0.0,1.5247051508217312e+20,1.52471829715011e+20,0.0,0.0
234.55331734428015,0.0,0.0,1329301448757165.2,0.0,0.0,1.5414178904871895e+20,1.5414311835016777e+20,0.0,0.0
239.86477462176944,0.0,0.0,1344029315579232.8,0.0,0.0,1.5587731647061495e+20,1.5587866049993068e+20,0.0,0.0
245.4418047631332,0.0,0.0,1359790900883150.0,0.0,0.0,1.576785954104108e+20,1.5767995520131167e+20,0.0,0.0
251.29768641156514,0.0,0.0,1375661540820507.0,0.0,0.0,1.5954799597516436e+20,1.5954937163670523e+20,0.0,0.0
257.4463621424187,0.0,0.0,1392249581719883.5,0.0,0.0,1.6148754214008924e+20,1.6148893438967097e+20,0.0,0.0
263.30224379085064,0.0,0.0,1408163886921028.2,0.0,0.0,1.633138641606675e+20,1.6331527232455416e+20,0.0,0.0
269.4509195217042,0.0,0.0,1424349408455210.8,0.0,0.0,1.6520966560551256e+20,1.6521108995492112e+20,0.0,0.0
275.3068011701361,0.0,0.0,1440130716824303.5,0.0,0.0,1.669954872710717e+20,1.6699692740178854e+20,0.0,0.0
281.45547690098965,0.0,0.0,1456048929318482.5,0.0,0.0,1.688499914106221e+20,1.688514474595517e+20,0.0,0.0
287.91158641838587,0.0,0.0,1472703135557714.0,0.0,0.0,1.7077524694173925e+20,1.7077671964487493e+20,0.0,0.0
294.0602621492394,0.0,0.0,1488507361118913.8,0.0,0.0,1.725893353101576e+20,1.7259082381751897e+20,0.0,0.0
300.5163716666356,0.0,0.0,1504693681076634.5,0.0,0.0,1.7447361139184e+20,1.744751160855209e+20,0.0,0.0
307.29528665990165,0.0,0.0,1521684664334722.8,0.0,0.0,1.7643003240593467e+20,1.7643155409059892e+20,0.0,0.0
314.413147402831,0.0,0.0,1538934901804484.8,0.0,0.0,1.7846117514990918e+20,1.7846271408481062e+20,0.0,0.0
321.8869011829068,0.0,0.0,1557072260739571.0,0.0,0.0,1.8056908625977953e+20,1.8057064333204013e+20,0.0,0.0
329.73434265198637,0.0,0.0,1575627970758495.0,0.0,0.0,1.8275627237725736e+20,1.827578480052281e+20,0.0,0.0
337.97415619451994,0.0,0.0,1595062742871039.5,0.0,0.0,1.850248875927593e+20,1.85026482655502e+20,0.0,0.0
345.8215976635995,0.0,0.0,1613464753971036.5,0.0,0.0,1.8716082548717892e+20,1.8716243895193276e+20,0.0,0.0
354.0614112061331,0.0,0.0,1632673442263650.5,0.0,0.0,1.8937720539960374e+20,1.8937883807304607e+20,0.0,0.0
361.90885267521264,0.0,0.0,1650819851723016.2,0.0,0.0,1.914648180171605e+20,1.9146646883701237e+20,0.0,0.0
370.1486662177462,0.0,0.0,1669657407418863.8,0.0,0.0,1.936320880150977e+20,1.936337576725048e+20,0.0,0.0
377.9961076868258,0.0,0.0,1687479030562846.8,0.0,0.0,1.9567433510291862e+20,1.9567602258194953e+20,0.0,0.0
386.23592122935935,0.0,0.0,1705894478714074.0,0.0,0.0,1.977955353139652e+20,1.9779724120844393e+20,0.0,0.0
394.8877254490196,0.0,0.0,1724890851116500.0,0.0,0.0,1.9999822614435047e+20,1.9999995103520178e+20,0.0,0.0
403.9721198796629,0.0,0.0,1744486408958165.0,0.0,0.0,2.022850595722679e+20,2.0228680405867718e+20,0.0,0.0
412.6239240993232,0.0,0.0,1763182623752114.0,0.0,0.0,2.0443991909316238e+20,2.0444168227578646e+20,0.0,0.0
421.70831852996645,0.0,0.0,1782502527456069.2,0.0,0.0,2.0667798747411707e+20,2.0667976997664437e+20,0.0,0.0
430.3601227496267,0.0,0.0,1800921074537126.8,0.0,0.0,2.087876934615776e+20,2.0878949438265223e+20,0.0,0.0
439.44451718027,0.0,0.0,1819895205966042.8,0.0,0.0,2.109797617703336e+20,2.109815816655396e+20,0.0,0.0
448.98313133244545,0.0,0.0,1839544837306686.2,0.0,0.0,2.1325682638140444e+20,2.1325866592624175e+20,0.0,0.0
458.99867619222965,0.0,0.0,1859791766455992.0,0.0,0.0,2.1562169186158353e+20,2.1562355165334995e+20,0.0,0.0
468.5372903444051,0.0,0.0,1879131645768803.8,0.0,0.0,2.178507906535762e+20,2.1785266978522205e+20,0.0,0.0
478.5528352041893,0.0,0.0,1899118759787092.8,0.0,0.0,2.201666962029028e+20,2.2016859532166283e+20,0.0,0.0
489.0691573069627,0.0,0.0,1919812248525664.0,0.0,0.0,2.225721664448329e+20,2.2257408625708135e+20,0.0,0.0
500.1112955148748,0.0,0.0,1941198399324565.8,0.0,0.0,2.2507007253936695e+20,2.250720137377663e+20,0.0,0.0
510.62761761764824,0.0,0.0,1961587374378297.2,0.0,0.0,2.274243253666141e+20,2.2742628695398846e+20,0.0,0.0
521.6697558255603,0.0,0.0,1982722527943459.5,0.0,0.0,2.2986993607604162e+20,2.298719187985694e+20,0.0,0.0
533.2640009438679,0.0,0.0,2004539206098452.2,0.0,0.0,2.3240984877936217e+20,2.32411853318568e+20,0.0,0.0
545.437958318091,0.0,0.0,2027140661250739.8,0.0,0.0,2.350470178547835e+20,2.3504904499544474e+20,0.0,0.0
557.0322034363986,0.0,0.0,2048649113110187.0,0.0,0.0,2.3753225933499656e+20,2.3753430798410944e+20,0.0,0.0
569.2061608106217,0.0,0.0,2070969405230154.0,0.0,0.0,2.4011363261226346e+20,2.4011570358166884e+20,0.0,0.0
581.9888160535559,0.0,0.0,2093999660881002.2,0.0,0.0,2.4279423744318882e+20,2.4279633144284958e+20,0.0,0.0
594.1627734277789,0.0,0.0,2115942582848861.5,0.0,0.0,2.4532074125701916e+20,2.453228571996019e+20,0.0,0.0
606.9454286707131,0.0,0.0,2138648455417184.8,0.0,0.0,2.4794538871700904e+20,2.479475273654645e+20,0.0,0.0
620.367216675794,0.0,0.0,2162087420836939.8,0.0,0.0,2.5067136085045494e+20,2.5067352293787546e+20,0.0,0.0
634.460094081129,0.0,0.0,2186344650755241.5,0.0,0.0,2.535018623629425e+20,2.5350404870759314e+20,0.0,0.0
647.8818820862099,0.0,0.0,2209448877277771.5,0.0,0.0,2.5616941629039487e+20,2.5617162573927203e+20,0.0,0.0
661.9747594915449,0.0,0.0,2233391393646794.0,0.0,0.0,2.5894030699372148e+20,2.5894254038511514e+20,0.0,0.0
676.7722807671466,0.0,0.0,2258131921447318.5,0.0,0.0,2.6181784325178484e+20,2.6182010138370615e+20,0.0,0.0
690.8651581724816,0.0,0.0,2281674239632012.0,0.0,0.0,2.645300967565644e+20,2.6453237843080407e+20,0.0,0.0
705.6626794480834,0.0,0.0,2306056118591506.0,0.0,0.0,2.6734783502639658e+20,2.6735014108251514e+20,0.0,0.0
721.2000767874653,0.0,0.0,2331228859306028.5,0.0,0.0,2.7027448312898834e+20,2.7027681435784777e+20,0.0,0.0
735.997598063067,0.0,0.0,2355187356997441.0,0.0,0.0,2.73033432676489e+20,2.7303578786384573e+20,0.0,0.0
751.5349954024489,0.0,0.0,2379993199341542.0,0.0,0.0,2.759001173700378e+20,2.759024973632369e+20,0.0,0.0
767.8492626087998,0.0,0.0,2405607107901334.0,0.0,0.0,2.7887805562223716e+20,2.7888046122934482e+20,0.0,0.0
784.9792431754682,0.0,0.0,2432099458442696.5,0.0,0.0,2.8197081080000604e+20,2.8197324289946465e+20,0.0,0.0
802.9657227704702,0.0,0.0,2459538285816495.5,0.0,0.0,2.8518196814129283e+20,2.8518442767957832e+20,0.0,0.0
820.0957033371386,0.0,0.0,2485722912681992.0,0.0,0.0,2.8820803932107427e+20,2.8821052504398692e+20,0.0,0.0
838.0821829321405,0.0,0.0,2512857083461304.5,0.0,0.0,2.9135109044897376e+20,2.9135360330605714e+20,0.0,0.0
856.9679865068925,0.0,0.0,2540906726213597.5,0.0,0.0,2.9461483754270343e+20,2.946173784494298e+20,0.0,0.0
874.9544661018945,0.0,0.0,2567615924542120.5,0.0,0.0,2.9769086139314674e+20,2.97693429009071e+20,0.0,0.0
893.8402696766465,0.0,0.0,2595252810749613.5,0.0,0.0,3.0088626700034546e+20,3.0088886225315594e+20,0.0,0.0
913.670363430136,0.0,0.0,2623800713436527.0,0.0,0.0,3.042049052102626e+20,3.042075290109758e+20,0.0,0.0
934.4919618713001,0.0,0.0,2653317013767713.0,0.0,0.0,3.0765068984579365e+20,3.076533431628073e+20,0.0,0.0
954.3220556247896,0.0,0.0,2681455865362565.5,0.0,0.0,3.1089798867861543e+20,3.109006701344811e+20,0.0,0.0
975.1436540659537,0.0,0.0,2710596754709315.0,0.0,0.0,3.1427097649925e+20,3.142736870960047e+20,0.0,0.0
997.0063324291759,0.0,0.0,2740708852669883.5,0.0,0.0,3.177736713803985e+20,3.177764120892512e+20,0.0,0.0
1017.82793087034,0.0,0.0,2769380129097573.5,0.0,0.0,3.210750627218607e+20,3.2107783210198984e+20,0.0,0.0
1039.6906092335623,0.0,0.0,2799047526011902.5,0.0,0.0,3.245047553401787e+20,3.2450755438770435e+20,0.0,0.0
1062.6464215149458,0.0,0.0,2829689615630843.0,0.0,0.0,3.280669004248895e+20,3.280697301145055e+20,0.0,0.0
1086.7500244103983,0.0,0.0,2861372912145185.5,0.0,0.0,3.317657133945242e+20,3.317685747674362e+20,0.0,0.0
1109.7058366917818,0.0,0.0,2891580666536982.5,0.0,0.0,3.352516313718118e+20,3.3525452295247797e+20,0.0,0.0
1133.8094395872342,0.0,0.0,2922865563625513.5,0.0,0.0,3.3887264722453345e+20,3.388755700900976e+20,0.0,0.0
1156.7652518686177,0.0,0.0,2952621883417811.0,0.0,0.0,3.422864976008679e+20,3.422894502227511e+20,0.0,0.0
1180.8688547640702,0.0,0.0,2983384010034986.5,0.0,0.0,3.4583404179225484e+20,3.45837025176265e+20,0.0,0.0
1206.1776378042953,0.0,0.0,3015135825424809.0,0.0,0.0,3.4951969187062605e+20,3.495227070064512e+20,0.0,0.0
1232.7518599965317,0.0,0.0,3047953876262183.0,0.0,0.0,3.5334792484805195e+20,3.533509728019281e+20,0.0,0.0
1258.0606430367568,0.0,0.0,3079229704969112.5,0.0,0.0,3.569568659526633e+20,3.5695994518236784e+20,0.0,0.0
1284.6348652289932,0.0,0.0,3111629186829242.5,0.0,0.0,3.607067755249942e+20,3.6070988715418085e+20,0.0,0.0
1312.5377985308414,0.0,0.0,3145119122368973.0,0.0,0.0,3.6460221969377867e+20,3.6460536481290086e+20,0.0,0.0
1341.835878497782,0.0,0.0,3179763128071738.5,0.0,0.0,3.6864784773187056e+20,3.686510274949987e+20,0.0,0.0
1369.7388117996302,0.0,0.0,3212797661270040.0,0.0,0.0,3.7246125309114024e+20,3.724644658888014e+20,0.0,0.0
1399.0368917665708,0.0,0.0,3247022223664634.5,0.0,0.0,3.764231026876466e+20,3.7642634970987024e+20,0.0,0.0
1426.939825068419,0.0,0.0,3279578877298518.5,0.0,0.0,3.801588563048198e+20,3.80162135883697e+20,0.0,0.0
1456.2379050353595,0.0,0.0,3313244919192001.0,0.0,0.0,3.840414995920932e+20,3.8404481283701224e+20,0.0,0.0
1487.0008890006472,0.0,0.0,3348001347970757.0,0.0,0.0,3.880759038129411e+20,3.880792518142889e+20,0.0,0.0
1519.3020221641993,0.0,0.0,3383930980466702.5,0.0,0.0,3.9226701556378934e+20,3.922703994947699e+20,0.0,0.0
1553.218211985929,0.0,0.0,3421135082152561.5,0.0,0.0,3.9661980904121e+20,3.9662323017629224e+20,0.0,0.0
1585.519345149481,0.0,0.0,3456639618530016.5,0.0,0.0,4.007227994585035e+20,4.007262560981218e+20,0.0,0.0
1619.4355349712107,0.0,0.0,3493442181902298.5,0.0,0.0,4.049855346812201e+20,4.049890281234023e+20,0.0,0.0
1655.0475342840268,0.0,0.0,3531492485062525.5,0.0,0.0,4.094131441931275e+20,4.094166756856126e+20,0.0,0.0
1688.9637241057565,0.0,0.0,3567728671100128.0,0.0,0.0,4.13587121119752e+20,4.135906888484231e+20,0.0,0.0
1724.5757234185726,0.0,0.0,3605241045051893.0,0.0,0.0,4.17924161903354e+20,4.179277671443989e+20,0.0,0.0
1761.9683226970296,0.0,0.0,3643997965230842.0,0.0,0.0,4.2242957441201694e+20,4.224332184099822e+20,0.0,0.0
1797.5803220098458,0.0,0.0,3680889520151915.0,0.0,0.0,4.266774684473121e+20,4.2668114933683225e+20,0.0,0.0
1834.9729212883028,0.0,0.0,3719078984837573.5,0.0,0.0,4.3109192085350135e+20,4.310956399324863e+20,0.0,0.0
1874.2351505306826,0.0,0.0,3758538181707937.5,0.0,0.0,4.356783856672779e+20,4.3568214420545955e+20,0.0,0.0
1911.6277498091397,0.0,0.0,3796095969203659.0,0.0,0.0,4.4000326014704196e+20,4.400070562430112e+20,0.0,0.0
1950.8899790515195,0.0,0.0,3834981768825385.0,0.0,0.0,4.4449829641892004e+20,4.445021314006888e+20,0.0,0.0
1992.1153197560184,0.0,0.0,3875167274056911.5,0.0,0.0,4.491690919928441e+20,4.4917296716011805e+20,0.0,0.0
2031.3775489983982,0.0,0.0,3913416159997240.5,0.0,0.0,4.5357402061735284e+20,4.5357793403351296e+20,0.0,0.0
2072.602889702897,0.0,0.0,3953024819085243.5,0.0,0.0,4.581528159351248e+20,4.581567689599439e+20,0.0,0.0
2115.8894974426207,0.0,0.0,3993964359031587.5,0.0,0.0,4.629112211357713e+20,4.6291521510013e+20,0.0,0.0
2161.3404355693306,0.0,0.0,4036318368279869.0,0.0,0.0,4.678550829576445e+20,4.678591192760134e+20,0.0,0.0
2204.6270433090544,0.0,0.0,4076695625317025.5,0.0,0.0,4.7251693572131324e+20,4.725210124169388e+20,0.0,0.0
2250.0779814357643,0.0,0.0,4118547607201240.5,0.0,0.0,4.7736211181683737e+20,4.7736623036444475e+20,0.0,0.0
2297.80146646881,0.0,0.0,4161827455811944.0,0.0,0.0,4.8239659581175307e+20,4.824007576392092e+20,0.0,0.0
2343.2524045955197,0.0,0.0,4203037871714425.5,0.0,0.0,4.87144365170719e+20,4.8714856820859077e+20,0.0,0.0
2390.9758896285653,0.0,0.0,4245719940286673.5,0.0,0.0,4.9207936928633854e+20,4.920836150062785e+20,0.0,0.0
2441.085548913263,0.0,0.0,4289838649896949.0,0.0,0.0,4.972077792462714e+20,4.972120690849214e+20,0.0,0.0
2493.7006911621957,0.0,0.0,4335482442247389.5,0.0,0.0,5.025358790130309e+20,5.0254021449547304e+20,0.0,0.0
2543.8103504468936,0.0,0.0,4378997741846765.5,0.0,0.0,5.075598846339034e+20,5.075642636316449e+20,0.0,0.0
2596.425492695826,0.0,0.0,4424100659348731.0,0.0,0.0,5.127812796941331e+20,5.12785703794793e+20,0.0,0.0
2651.671392057205,0.0,0.0,4470740262743962.5,0.0,0.0,5.182065001008733e+20,5.182109708411357e+20,0.0,0.0
2704.2865343061376,0.0,0.0,4515150093986812.0,0.0,0.0,5.233225931743516e+20,5.233271083244456e+20,0.0,0.0
2759.5324336675167,0.0,0.0,4561143513681288.0,0.0,0.0,5.2864027956936704e+20,5.2864484071288065e+20,0.0,0.0
2817.5406279969648,0.0,0.0,4608682756893715.0,0.0,0.0,5.341661966130047e+20,5.34170805295762e+20,0.0,0.0
2872.786527358344,0.0,0.0,4653933952779713.0,0.0,0.0,5.3937783641969964e+20,5.39382490353653e+20,0.0,0.0
2930.794721687792,0.0,0.0,4700798675734580.0,0.0,0.0,5.4479545792819036e+20,5.448001587268663e+20,0.0,0.0
2991.7033257337125,0.0,0.0,4749241975894337.0,0.0,0.0,5.504258762409704e+20,5.504306254829463e+20,0.0,0.0
3049.7115200631606,0.0,0.0,4795351543328134.0,0.0,0.0,5.5573665046024303e+20,5.557414458117865e+20,0.0,0.0
3110.620124109081,0.0,0.0,4843112163485294.0,0.0,0.0,5.612579267340471e+20,5.612627698462104e+20,0.0,0.0
3174.574158357298,0.0,0.0,4892488665512164.0,0.0,0.0,5.6699669685926914e+20,5.670015893479349e+20,0.0,0.0
3241.725894317926,0.0,0.0,4943580060654783.0,0.0,0.0,5.7296008353498425e+20,5.729650271150451e+20,0.0,0.0
3305.6799285661427,0.0,0.0,4992286319134127.0,0.0,0.0,5.785841422793683e+20,5.785891345656877e+20,0.0,0.0
3372.8316645267705,0.0,0.0,5042782717823309.0,0.0,0.0,5.844302352273918e+20,5.8443527801010985e+20,0.0,0.0
3443.3409872854295,0.0,0.0,5095012842159602.0,0.0,0.0,5.905056489862724e+20,5.905107439991149e+20,0.0,0.0
3510.492723246057,0.0,0.0,5144746390779900.0,0.0,0.0,5.96235861994887e+20,5.962410067412775e+20,0.0,0.0
3581.002046004716,0.0,0.0,5196267110052851.0,0.0,0.0,6.021928816827518e+20,6.021980779498618e+20,0.0,0.0
3655.036834901308,0.0,0.0,5249532447455176.0,0.0,0.0,6.083842193627328e+20,6.083894688951802e+20,0.0,0.0
3725.546157659967,0.0,0.0,5300234572030467.0,0.0,0.0,6.14224359223294e+20,6.14229659457867e+20,0.0,0.0
3799.580946556559,0.0,0.0,5352757506716963.0,0.0,0.0,6.202962841553404e+20,6.203016369128474e+20,0.0,0.0
3877.3174748979804,0.0,0.0,5407061886377565.0,0.0,0.0,6.266077052183261e+20,6.266131122802126e+20,0.0,0.0
3958.940829656473,0.0,0.0,5463255712739341.0,0.0,0.0,6.331664798225568e+20,6.331719430782697e+20,0.0,0.0
4036.6773579978944,0.0,0.0,5516826286809492.0,0.0,0.0,6.393523322056565e+20,6.393578490319433e+20,0.0,0.0
4118.300712756387,0.0,0.0,5572369661957883.0,0.0,0.0,6.457826946343031e+20,6.457882670039651e+20,0.0,0.0
4204.005235252804,0.0,0.0,5629823762493991.0,0.0,0.0,6.524656044534183e+20,6.524712342771806e+20,0.0,0.0
4285.628590011296,0.0,0.0,5684531962930789.0,0.0,0.0,6.587690661729784e+20,6.587747507049411e+20,0.0,0.0
4371.333112507713,0.0,0.0,5741209869146904.0,0.0,0.0,6.65322305707007e+20,6.653280469168761e+20,0.0,0.0
4461.3228611289505,0.0,0.0,5799810553888791.0,0.0,0.0,6.721336075034285e+20,6.721394073139826e+20,0.0,0.0
4547.027383625367,0.0,0.0,5855591604276338.0,0.0,0.0,6.785588009636207e+20,6.78564656555225e+20,0.0,0.0
4637.017132246605,0.0,0.0,5913379385235295.0,0.0,0.0,6.852392665369243e+20,6.8524517991631e+20,0.0,0.0
4731.506368298905,0.0,0.0,5973130494873017.0,0.0,0.0,6.92183508583315e+20,6.921894817138091e+20,0.0,0.0
4830.72006615382,0.0,0.0,6034963271534113.0,0.0,0.0,6.994001942629342e+20,6.99406229226206e+20,0.0,0.0
4925.20930220612,0.0,0.0,6093909529283076.0,0.0,0.0,7.062068042004652e+20,7.062128981099946e+20,0.0,0.0
5024.423000061035,0.0,0.0,6155029920622240.0,0.0,0.0,7.132827264630564e+20,7.132888814929767e+20,0.0,0.0
5128.597382808695,0.0,0.0,6218256161043570.0,0.0,0.0,7.206368255633242e+20,7.206430438194845e+20,0.0,0.0
5227.8110806636105,0.0,0.0,6278461001152059.0,0.0,0.0,7.275736090501778e+20,7.275798875111788e+20,0.0,0.0
5331.985463411271,0.0,0.0,6340836792314606.0,0.0,0.0,7.347855181067243e+20,7.34791858943516e+20,0.0,0.0
5441.368565296314,0.0,0.0,6405331793761052.0,0.0,0.0,7.422816890605142e+20,7.422880943923074e+20,0.0,0.0
5545.542948043974,0.0,0.0,6466723888790855.0,0.0,0.0,7.493531585109602e+20,7.493596252348493e+20,0.0,0.0
5654.926049929018,0.0,0.0,6530327711542759.0,0.0,0.0,7.567058159742306e+20,7.567123463019427e+20,0.0,0.0
5769.778306908313,0.0,0.0,6596095409218609.0,0.0,0.0,7.643490399428954e+20,7.643556360383039e+20,0.0,0.0
5890.373176736574,0.0,0.0,6664156811267939.0,0.0,0.0,7.722923896659162e+20,7.722990538227272e+20,0.0,0.0
6005.22543371587,0.0,0.0,6729040967554764.0,0.0,0.0,7.797846000751393e+20,7.797913291161073e+20,0.0,0.0
6125.820303544131,0.0,0.0,6796321269350737.0,0.0,0.0,7.875734873045691e+20,7.87580283625839e+20,0.0,0.0
6252.444916863805,0.0,0.0,6865922561985119.0,0.0,0.0,7.956688272858068e+20,7.95675693208369e+20,0.0,0.0
6373.039786692066,0.0,0.0,6932198196388967.0,0.0,0.0,8.03305005928129e+20,8.03311938126326e+20,0.0,0.0
6499.664400011739,0.0,0.0,7000866668233995.0,0.0,0.0,8.112442753419385e+20,8.112512762086065e+20,0.0,0.0
6632.620243997397,0.0,0.0,7071870925853964.0,0.0,0.0,8.194967105769063e+20,8.195037824478313e+20,0.0,0.0
6759.2448573170705,0.0,0.0,7139459477685297.0,0.0,0.0,8.272818033317997e+20,8.27288942791278e+20,0.0,0.0
6892.200701302728,0.0,0.0,7209485785450548.0,0.0,0.0,8.353766750358637e+20,8.353838845216497e+20,0.0,0.0
7031.804337487668,0.0,0.0,7281897084731055.0,0.0,0.0,8.437916674577569e+20,8.43798949354841e+20,0.0,0.0
7164.760181473325,0.0,0.0,7350821497992546.0,0.0,0.0,8.517308345736997e+20,8.517381853951976e+20,0.0,0.0
7304.363817658265,0.0,0.0,7422240142870347.0,0.0,0.0,8.599866682922551e+20,8.599940905323971e+20,0.0,0.0
7450.947635652453,0.0,0.0,7496100017177809.0,0.0,0.0,8.685697757485125e+20,8.685772718485292e+20,0.0,0.0
7604.860644546349,0.0,0.0,7572545282283517.0,0.0,0.0,8.774909732827217e+20,8.774985458280037e+20,0.0,0.0
7751.444462540537,0.0,0.0,7645420547201776.0,0.0,0.0,8.8590642806291e+20,8.859140734834567e+20,0.0,0.0
7905.357471434433,0.0,0.0,7720999464119729.0,0.0,0.0,8.9465609292831e+20,8.94663813927774e+20,0.0,0.0
8066.966130773025,0.0,0.0,7799198063080171.0,0.0,0.0,9.037510245943805e+20,9.037588237924439e+20,0.0,0.0
8220.879139666922,0.0,0.0,7873660830245155.0,0.0,0.0,9.123309883935006e+20,9.123388620543298e+20,0.0,0.0
8382.487799005514,0.0,0.0,7950824591103215.0,0.0,0.0,9.212524307510518e+20,9.212603815756429e+20,0.0,0.0
8552.176891311035,0.0,0.0,8030625081426342.0,0.0,0.0,9.305267440603352e+20,9.305347746854173e+20,0.0,0.0
8713.785550649627,0.0,0.0,8106587229286961.0,0.0,0.0,9.392766912938839e+20,9.392847978811142e+20,0.0,0.0
8883.474642955149,0.0,0.0,8185300955435734.0,0.0,0.0,9.483756932315479e+20,9.483838785325044e+20,0.0,0.0
9061.648189875947,0.0,0.0,8266706849197549.0,0.0,0.0,9.578354426420725e+20,9.578437093489229e+20,0.0,0.0
9231.337282181468,0.0,0.0,8344193152700411.0,0.0,0.0,9.667610972135002e+20,9.66769441406653e+20,0.0,0.0
9409.510829102266,0.0,0.0,8424494706483712.0,0.0,0.0,9.76043607712511e+20,9.760520322072187e+20,0.0,0.0
9596.593053369103,0.0,0.0,8507551871820616.0,0.0,0.0,9.856949658684284e+20,9.857034734203002e+20,0.0,0.0
9793.029388849282,0.0,0.0,8593525012041775.0,0.0,0.0,9.957274044162373e+20,9.957359979412488e+20,0.0,0.0
9980.111613116118,0.0,0.0,8675482367972318.0,0.0,0.0,1.0051919077081417e+21,1.0052005831905096e+21,0.0,0.0
10176.547948596297,0.0,0.0,8760491069571829.0,0.0,0.0,1.0150331227277302e+21,1.0150418832187998e+21,0.0,0.0
